title,Year,Month,viewCount,likeCount,commentCount,durationSecs
Fatih Portakal'dan Kemal Kılıçdaroğlu'na HDP Çağrısı!,2023,Mar,1028.0,49.0,0.0,358.0
Fatih Portakal: Ben İnsanların Sesini Sessiz Yığınların Sesini Duyurmak Zorundayım,2023,Mar,483.0,28.0,0.0,532.0
Fatih Portakal'la Sözcü Ana Haber Başladı #shorts,2023,Mar,678.0,54.0,0.0,60.0
Sel Bölgesindeki Destici'ye Tepki Çığ Gibi Büyüyor! Bu Görüntüde Ne Eksik?,2023,Mar,2143.0,79.0,0.0,168.0
İstanbul Kız Kulesi'ne Ne Zaman Kavuşacak? İşte Detaylar...,2023,Mar,229.0,9.0,0.0,162.0
AFAD'ın TSK'dan Kaç Saat Sonra Yardım İstediği Ortaya Çıktı!,2023,Mar,383.0,24.0,0.0,145.0
1999 Sonrası Sigortalılar EYT'li Sayılacak mı? Gönül Boran'dan Son Dakika Emeklilik Açıklaması,2023,Mar,5344.0,142.0,100.0,576.0
Fatih Erbakan'dan Cumhur İttifakı'na Rest! İttifak Kararını Açıkladı,2023,Mar,3823.0,76.0,50.0,279.0
Nedim Türkmen ile Eko Analiz | Konuk: Bumin Doğrusöz | 20 Mart Yayını,2023,Mar,212.0,5.0,0.0,2417.0
Muharrem İnce Yüzde Vererek Cumhurbaşkanı Olacağım Dedi! Flaş Altılı Masa Açıklaması,2023,Mar,3881.0,90.0,179.0,367.0
"Depremzede İsyan Etti! ""Böyle İnsan Olmaz Olsun!"" #shorts",2023,Mar,513.0,15.0,0.0,55.0
Serap Belovacıklı ile Sokağın Sesi,2023,Mar,0.0,13.0,0.0,0.0
Vicdansızlar Yine Sahnede! Depremzedeler Yağmacılara Böyle İsyan Etti,2023,Mar,427.0,8.0,0.0,153.0
"Saygı Öztürk'ten Flaş Mansur Yavaş Açıklaması! ""Millet İttifakı'na Nifak Sokmak İçin...""",2023,Mar,3138.0,85.0,0.0,478.0
İskenderun'da Korkutan Hareketlenme! Caddeler Su Altında Kaldı,2023,Mar,1041.0,16.0,0.0,325.0
Kemal Kılıçdaroğlu Pervin Buldan ve Mithat Sancar'dan Son Dakika Açıklaması!,2023,Mar,45815.0,1056.0,290.0,986.0
Kahramanmaraş Halkından Mansur Yavaş'a Sevgi Seli #shorts,2023,Mar,622.0,40.0,0.0,60.0
Alman Basınından Çarpıcı Kemal Kılıçdaroğlu Analizi! Erdoğan'ı Kızdıracak Seçim Anketi,2023,Mar,29612.0,796.0,130.0,135.0
AKP'li Özlem Zengin İsyan Etti Cumhur İttifak Karıştı! Fatih Erbakan'dan 6284 Çıkışı,2023,Mar,30738.0,460.0,359.0,150.0
HDP'nin Kemal Kılıçdaroğlu Kararıyla İlgili Son Dakika Seçim Kulisi! Çarpıcı İtiraz Detayı,2023,Mar,12718.0,180.0,46.0,116.0
Deprem Bölgesinde Korkutan Görüntüler! #shorts,2023,Mar,344.0,8.0,0.0,60.0
"Şahan Gökbakar'dan Kerem Kınık'a Olay Olacak Cevap! ""Onurlu Ol İstifa Et""",2023,Mar,29050.0,585.0,178.0,151.0
Çağla Atlı ile Sabah Şerifleri | 20 Mart Yayını,2023,Mar,5772.0,90.0,9.0,6861.0
Muharrem İnce Meydan Okudu: Ben Bu Erdoğan'ı ve Muhalefeti Göndereceğim,2023,Mar,9025.0,234.0,369.0,419.0
#CANLI Fatih Portakal ile Sözcü Ana Haber Başladı,2023,Mar,4877.0,3578.0,0.0,0.0
Gökhan Kayış Moderatörlüğünde Kırmızı - Beyaz | 19 Mart Yayını,2023,Mar,6884.0,112.0,0.0,10381.0
Kemal Kılıçdaroğlu Uçakta Yoğun İlgiyle Karşılandı #shorts,2023,Mar,2215.0,138.0,10.0,57.0
Kılıçdaroğlu Muharrem İnce'yle Görüşecek Mi? CHP'de 'İnce' Beklenti,2023,Mar,8521.0,133.0,142.0,313.0
Önay Alpago O Riske Dikkat Çekti! Türkiye'nin Kaderini Belirleyecek Seçim,2023,Mar,2415.0,60.0,23.0,176.0
EYT Çıktı Mağduriyet Bitmedi! EYT'liler Yeniden Meydanlarda,2023,Mar,20309.0,652.0,399.0,578.0
Seçim Güvenliği İçin İmamoğlu ve Yavaş Ortak Çağrıda Bulundu!,2023,Mar,1822.0,67.0,20.0,177.0
"Muharrem İnce ""Adaylık İçin Dilekçemi Vereceğim"" Diyerek Duyurdu: ""Bir Günde Bitireceğiz""",2023,Mar,6759.0,82.0,140.0,175.0
Eski ABD Başkanı Trump Hapse Mi Girecek? Trump'tan Herkesi Şaşırtan Açıklama,2023,Mar,1060.0,15.0,4.0,107.0
"Beklenen İstanbul Depremi İçin Çarpıcı Rakamlar! ""İstanbul Deprem Master Planı'nı Rafa Kaldırdı""",2023,Mar,2610.0,35.0,6.0,994.0
"""Gerekirse Adaylıktan Çekilirim"" Demişti! Muharrem İnce Cumhurbaşkanı Adaylığından Vazgeçer Mi?",2023,Mar,19042.0,292.0,306.0,488.0
"Nijerya, Pakistan, Tanzanya... 15 Yeni Ülkede Seçim Güvenliği Nasıl Sağlanacak?",2023,Mar,2972.0,64.0,16.0,793.0
Ruhat Mengi İle Her Açıdan | 19 Mart Yayını,2023,Mar,11224.0,255.0,2.0,12341.0
Ekrem İmamoğlu'ndan Seçim Güvenliği Açıklaması! Kediler Trafolara Girmesin Diye... #shorts,2023,Mar,9009.0,733.0,31.0,55.0
"Ali Mahir Başarır'dan İktidara Sert Sözler! ""Deprem Vergileri Müteahhitlere Peşkeş Çekilmeseydi...""",2023,Mar,2106.0,65.0,15.0,437.0
Atatürk'ün Emriyle Kurulan Diyanet Atatürk'ün Adını Yine Anmadı,2023,Mar,1047.0,35.0,55.0,153.0
Bir Bu Eksikti Dedirtti! Önce Deprem Sonra Sel Şimdi de Süper Hücre Fırtınası! #shorts,2023,Mar,554.0,36.0,0.0,59.0
"CHP'li Vekil Ali Mahir Başarır'dan Dokunulmazlık Açıklaması! ""Hepimiz Hesap Verelim""",2023,Mar,1966.0,54.0,3.0,148.0
Depremde Kaç Kişi Öldü? CHP'li Vekil Enkazın Yüzde 22'si Kaldırıldı Diyerek Bilançoyu Açıkladı,2023,Mar,4931.0,106.0,20.0,339.0
Meteoroloji'den İstanbul ve Deprem Bölgesine Hava Durumu Uyarısı! #shorts,2023,Mar,1256.0,37.0,0.0,58.0
Meteoroloji'den İstanbul ve 15 Kent İçin Turuncu ve Sarı Kodlu Uyarı! Sel ve Su Baskınlarına Dikkat!,2023,Mar,19365.0,144.0,2.0,225.0
Gençliğin Ekonomi ile İmtihanı! İki Genç Kahve Fiyatlarının 5 Yıllık Değişimini Videoya Aldılar!,2023,Mar,6335.0,89.0,20.0,84.0
Vatandaş Sabahın Karanlık Saatlerinde Ucuz Et Kuyruğunda! İşte Karanlık Bir Kuyruk Hikayesi...,2023,Mar,5262.0,81.0,32.0,217.0
Göz Yaşartan Hikaye... Depremden 2 Saat Önce 3 Yaşındaki Kızıyla Evden Kovuldu,2023,Mar,627.0,22.0,3.0,101.0
Korku Filmi Gibi! Bir An Olsun Durmadan Şimşek Çaktı! Kilis'i Süper Hücre Fırtınası Vurdu,2023,Mar,65265.0,380.0,47.0,155.0
Gökhan Kayış Moderatörlüğünde Kırmızı - Beyaz - 18 Mart Yayını,2023,Mar,7408.0,111.0,7.0,10341.0
Muharrem İnce'yi Kızdıracak Yorum! Bu Sözlerle Eleştirdi,2023,Mar,16235.0,323.0,190.0,224.0
24 Gündür Deprem Bölgesindeyim Diyen Doktordan Hükümete Çok Sert Sözler!,2023,Mar,52877.0,873.0,210.0,610.0
Naci Görür'den Deprem İsyanı: Hayata Nasıl Devam Ediyoruz?,2023,Mar,7842.0,99.0,7.0,186.0
Bu Gelişme Ne Anlama Geliyor? Galata Kulesi Ranta Mı Açılıyor?,2023,Mar,5722.0,42.0,3.0,215.0
Şanlıurfa'daki Selde Ölümle Burun Buruna Gelmişti! O Anları Böyle Anlattı,2023,Mar,3083.0,35.0,1.0,91.0
Mansur Yavaş'tan Gündem Olacak Deprem Açıklaması!,2023,Mar,324540.0,5714.0,620.0,456.0
Belediye Başkanı Serdar Sandal ve Milli Eğitim Müdürü Arasında Atatürk Tartışması!,2023,Mar,98463.0,682.0,258.0,89.0
Duygu Dolu Anlar! Atatürk'ün Gözlerini Yaşartan Acı Olayı Naim Babüroğlu Anlattı,2023,Mar,10528.0,183.0,16.0,611.0
Atatürk ve Trikupis Arasında Geçen Tarihi Konuşma! İşte Büyük Komutan Atatürk'ün Bilgeliği,2023,Mar,10107.0,150.0,7.0,397.0
Çanakkale Savaşı'na Dair Doğru Bilinen Yanlışları Naim Babüroğlu Tek Tek Anlattı!,2023,Mar,3372.0,118.0,10.0,475.0
Naim Babüroğlu Atatürk'ün Enver Paşa'ya Gönderdiği Tarihi Mektubu Anlattı!,2023,Mar,26502.0,447.0,51.0,748.0
Naim Babüroğlu Çanakkale'de Atatürk ve Fahrettin Altay Arasındaki Tarihi Konuşmayı Anlattı!,2023,Mar,5358.0,194.0,15.0,833.0
Serap Belovacıklı'nın Moderatörlüğünde Kırmızı - Beyaz | 17 Mart Yayını,2023,Mar,7540.0,94.0,8.0,10879.0
Murat Gezici ve Mustafa Kaya Arasında Büyük Tartışma!,2023,Mar,48981.0,543.0,639.0,1030.0
Muharrem İnce'nin Açıklamaları Ne Anlama Geliyor? Kılıçdaroğlu'nu Destekleyecek Mi?,2023,Mar,5751.0,93.0,75.0,259.0
Herkesin Gözü Kulağı O Görüşmedeydi! HDP Ziyareti Neden Ertelendi?,2023,Mar,3757.0,39.0,15.0,517.0
Deprem Bölgesinde İncelemeler Yapan 11 Japon Bilim İnsanı Şaşırarak İsyan Etti!,2023,Mar,33468.0,556.0,94.0,188.0
Kitabı Sansürlenen Ahmet Ümit Sözcü Televizyonu'na Konuştu: Utanç Verici!,2023,Mar,1560.0,40.0,8.0,486.0
Türkiye'nin Karnesi Verildi! Liyakatsiz Atamalar Unutulmadı,2023,Mar,752.0,23.0,4.0,149.0
"""Dolar Çok Sert Yukarı Hareket Edecek!"" Uzman Ekonomistten Çarpıcı Dolar Yorumu",2023,Mar,44560.0,390.0,60.0,452.0
Putin Hakkında Tutuklama Kararı! Ukrayna'dan Dünyanın Gündemine Oturacak Açıklama,2023,Mar,1543.0,44.0,13.0,188.0
Erdoğan ve Finlandiya Cumhurbaşkanı Niinistö Arasında Gündem Olan Konuşma!,2023,Mar,1024.0,11.0,3.0,590.0
"Japon Aileden Depremzedelere Yardım! ""Acımızı Paylaştınız""",2023,Mar,427.0,14.0,0.0,180.0
Depremi Yaşayan Kahramanmaraş'ta Yıkım Çalışmaları Havadan Görüntülendi!,2023,Mar,971.0,10.0,1.0,172.0
Deprem ve Seli Yaşayan Adıyaman'da Afetzede İsyan Etti: Cumhurbaşkanı Hiç Bakmıyor,2023,Mar,1090.0,26.0,1.0,366.0
Selin Ardından Ortaya Çıktı... AFAD'la İlgili Gündem Olacak Gelişme!,2023,Mar,841.0,23.0,2.0,161.0
İmamoğlu Üsküdar Sahilindeki Kafeleri Hedef Aldı! İktidara Çok Sert Sözler,2023,Mar,2359.0,52.0,5.0,285.0
"""Çocuğum Astım Hastası"" Diyen Afetzede İsyan Etti! ""Bir CHP'li Milletvekili Var, Öbürleri Yok""",2023,Mar,2518.0,67.0,8.0,259.0
Duhok'ta Düşen 'Gizemli Helikopter!' Erdoğan Karakuş ABD'nin Büyük Planını Anlattı,2023,Mar,12814.0,173.0,41.0,445.0
Muharrem İnce'den Beklenen Kılıçdaroğlu Açıklaması Geldi! Atacağı Adımı Açıkladı,2023,Mar,94458.0,1149.0,573.0,201.0
"Japon Deprem Uzmanı Moriwaki'den Korkutan Uyarı! ""Bir Sonraki Depremler Bu İki Yerde Olabilir""",2023,Mar,55028.0,186.0,7.0,100.0
Rusya'dan ABD'yi Zora Sokacak Hamle! ABD - Rusya İHA Krizinde Flaş Gelişme,2023,Mar,3205.0,33.0,15.0,138.0
Sedat Peker'in İddialarında İsmi Geçen Ünsal Ban Hakkında Olay Yaratacak İddia!,2023,Mar,12362.0,74.0,10.0,197.0
SON DAKİKA | İstanbul Bahçelievler'de Bina Çöktü! #shorts,2023,Mar,3235.0,72.0,3.0,49.0
AKP'nin 21 Yıldır 'Kader' Prompter'ı! Depremler Yangınlar Seller! Felaketlerde Değişmeyen Tek Şey...,2023,Mar,783.0,22.0,12.0,174.0
Oğuz Demir'den Benzin ve Motorin Fiyatlarıyla İlgili Çarpıcı Analiz!,2023,Mar,7503.0,25.0,2.0,121.0
Enkazdan Çıkardığı Kemanıyla Umut Oluyor! #shorts,2023,Mar,1035.0,51.0,2.0,59.0
Murat Muratoğlu Petrol Fiyatlarının Arka Planındaki Rusya - ABD Krizini Anlattı!,2023,Mar,6517.0,45.0,3.0,260.0
Cumhur İttifakı'nda HÜDA PAR Çatlağı! Destici'den Flaş Hizbullah Sözleri,2023,Mar,3626.0,51.0,17.0,120.0
"""Mehmet Şimşek'e İzin Vermezler!"" Murat Muratoğlu'ndan Çarpıcı Mehmet Şimşek İddiası!",2023,Mar,38295.0,282.0,34.0,381.0
Sarayın ve Erdoğan'ın Uykularını Kaçıracak Anket Ortaya Çıktı! Çarpıcı İYİ Parti Detayı,2023,Mar,62823.0,748.0,233.0,101.0
Çağla Atlı ile Sabah Şerifleri | 17 Mart Yayını,2023,Mar,10432.0,129.0,7.0,9996.0
Şanlıurfa Sel Felaketinde Korku Dolu Anlar! İtfaiyeciler Yaşadıklarını Anlattı,2023,Mar,710.0,41.0,3.0,292.0
21 Yıldır İktidarda Olan AKP'nin Yeni Seçim Vaadinde Deprem Sözü!,2023,Mar,3947.0,65.0,40.0,170.0
Kılıçdaroğlu Kıbrıs Ziyareti Sonrası Çocukların Katilleri Belli Diyerek Hükümete Böyle Seslendi!,2023,Mar,2347.0,81.0,22.0,267.0
"İmamoğlu, İstanbul Depremiyle İlgili En 'İyimser' İhtimali Söyledi Salonda Uğultu Başladı! #shorts",2023,Mar,4217.0,97.0,6.0,29.0
Kadın Örgütleri'nden Sert Tepki! 6284'e Dokunma! #shorts,2023,Mar,794.0,34.0,2.0,51.0
Serap Belovacıklı'nın Moderatörlüğünde Kırmızı - Beyaz | 16 Mart Yayını,2023,Mar,8371.0,105.0,4.0,10782.0
AKP'nin HÜDAPAR ile Görüşmesine MHP Ne Diyecek?,2023,Mar,982.0,29.0,2.0,648.0
Beklenen Görüşme Ertelendi! HDP Seçimde Kılıçdaroğlu'nu Destekleyecek Mi?,2023,Mar,6310.0,76.0,8.0,521.0
Üçok'tan Bakan ve Milletvekillerine: İstifa Ederseniz Başınıza Gelecekleri Biliyoruz!,2023,Mar,8217.0,141.0,10.0,462.0
Rusya ile Amerika Arasındaki İHA Krizinde İlk Defa Duyacağınız Türkiye Detayı!,2023,Mar,4776.0,48.0,0.0,178.0
Esad'dan Flaş Açıklama: Bunu Yaparsa Erdoğan'la Görüşürüm!,2023,Mar,5645.0,68.0,11.0,325.0
İBB Yetkilisinden İstanbullulara Kritik Deprem Çağrısı!,2023,Mar,16504.0,80.0,10.0,553.0
Afet Göz Göre Göre Geldi! Dr. Buğra Gökçe Sel Felaketini Değerlendirdi,2023,Mar,421.0,10.0,0.0,691.0
Emek ve Özgürlük İttifakı Kararını Verdi! HDP Kılıçdaroğlu'nu Destekleyecek Mi?,2023,Mar,11524.0,119.0,29.0,279.0
Galeria Sitesi'nin Son Bloğu Yıkım Esnasında Böyle Çöktü! #shorts,2023,Mar,2402.0,35.0,0.0,59.0
Depremde Hayatlarını Kaybetmişlerdi! Kılıçdaroğlu KKTC'li Sporcuların Ailelerini Ziyaret Etti,2023,Mar,4311.0,94.0,18.0,129.0
Asgari Ücrette Son Dakika Deprem Bölgesi Değişikliği! Bakan Bilgin Son Aşama Diyerek Duyurdu,2023,Mar,6003.0,21.0,10.0,124.0
"Şanlıurfa'da Sel Felaketi... CHP'li Vekil ""Vatandaş 9 Saattür Çamur Altında"" Diyerek İsyan Etti!",2023,Mar,1050.0,13.0,5.0,262.0
ABD Dünyanın Merak Ettiği Videoyu Yayınladı! Rus Uçağı ABD İHA'sını İşte Böyle Hedef Aldı,2023,Mar,4930.0,50.0,10.0,128.0
Prof. Dr. Okan Tüysüz Bolu Depremini Analiz Etti! İstanbul Depremini Tetikler mi?,2023,Mar,17550.0,82.0,9.0,378.0
Ekrem İmamoğlu Korkutan Büyük İstanbul Depremi Tablosunu Anlattı!,2023,Mar,1514.0,15.0,5.0,138.0
Bolu Belediye Başkanı Tanju Özcan'dan Deprem Açıklaması!,2023,Mar,4649.0,80.0,12.0,282.0
Prof. Dr. Ahmet Ercan'dan Bolu Depremi Sonrası Son Dakika İstanbul Depremi Açıklaması!,2023,Mar,667922.0,1933.0,322.0,536.0
Putin 'ABD Bu İşin İçinde' Diyerek Dünyaya Meydan Okudu!,2023,Mar,2787.0,33.0,2.0,99.0
"Adana Büyükşehir Belediye Başkanı Zeydan Karalardan Sert sözler! ""Liyakatsizler... #shorts",2023,Mar,1839.0,100.0,5.0,23.0
"Depremzedeler Sel'e Yakalandı İsyan Etti! ""Biz Uyardık Bize Bu İşin Uzmanıyız Dediler!"" #shorts",2023,Mar,1437.0,36.0,0.0,60.0
"İstanbul, Ankara, İzmir... Ramazan Pidesi Fiyatları El Yakıyor! Pide de Hayal Oldu",2023,Mar,688.0,17.0,5.0,152.0
Bolu'da 4.8 Büyüklüğünde Deprem! Vatandaşların Paniği Kameralara Böyle Yansıdı #shorts,2023,Mar,4833.0,56.0,10.0,59.0
Deprem Bölgesinde Bu Kez de Tedbirsizlik Can Aldı! Sel Felaketi Göz Göre Göre Geldi,2023,Mar,380.0,6.0,0.0,112.0
Murat Muratoğlu'ndan Gündem Olacak 115 Milyar Çıkışı!,2023,Mar,17668.0,474.0,32.0,446.0
İYİ Partili Erhan Usta İktidarın Afet Yönetimi Beceriksizliğini Tek Tek Anlattı,2023,Mar,544.0,18.0,3.0,484.0
Sanatçı Karsu Deprem Bölgesinde Yaşanan Yıkıma İsyan Etti,2023,Mar,798.0,31.0,4.0,101.0
Hatay Valisi Rahmi Doğan Deprem Bölgesini Sel Götürürken Koltuk Peşine Düştü!,2023,Mar,1029.0,12.0,6.0,148.0
CHP'li Vekil Aylar Önce 'Elinde Olta' ile Uyarmıştı! Sel Felaketine Bu Sözlerle İsyan Etti!,2023,Mar,1880.0,42.0,3.0,127.0
Şanlıurfa'daki Abide Kavşağı'nın Açılışını Erdoğan Yapmıştı! Vatandaşa Mezar Oldu,2023,Mar,4176.0,53.0,12.0,129.0
Çağla Atlı ile Sabah Şerifleri 16 Mart Yayını,2023,Mar,8345.0,117.0,2.0,9951.0
"Özgür Özel Meclis'te AFAD'ı Yerden Yere Vurdu! ""BECERİKSİZLER!""",2023,Mar,2097.0,49.0,13.0,439.0
Şanlıurfa'daki Sel Felaketinin Gerçek Boyutunu Sözcü TV Muhabiri Anlattı!,2023,Mar,567.0,16.0,2.0,527.0
"""Kızılay Bize Kullanılmış Yorgan Gönderdi!"" Kerem Kınık'ın Kızılay'ı Yine Gündem Oldu!",2023,Mar,1249.0,76.0,11.0,73.0
CHP'li Vekilin '115 Milyar Nerede?' İsyanı Meclis'teki AKP Sıralarını Titretti!,2023,Mar,3020.0,108.0,16.0,101.0
Ümit Özdağ'dan Cumhur İttifakı'na Zehir Zemberek Sözler: Domuz Bağı İttifakına Dönüştüler,2023,Mar,4502.0,284.0,77.0,296.0
"Depremin En Yakın Tanıklarından Gökhan Zan ""Hakkımı Helal Etmiyorum"" diyerek sitem etti! #shorts",2023,Mar,2583.0,195.0,9.0,60.0
Gündem Olacak Kılıçdaroğlu Anketini Açıkladı!,2023,Mar,45303.0,479.0,93.0,570.0
Gökhan Kayış'ın Moderatörlüğünde Kırmızı - Beyaz 15 Mart Yayını,2023,Mar,12896.0,113.0,1.0,10846.0
"Sel Bölgesinde ""Hükümet İstifa"" Sloganları! Soylu'nun Yaptıklarını Kılıçdaroğlu'na Böyle Anlattılar",2023,Mar,26159.0,616.0,118.0,290.0
Saygı Öztürk HÜDA PAR'ın Desteklediği Hizbullah'ı Deşifre Etti!,2023,Mar,8807.0,150.0,43.0,768.0
"Ailesini Depremden Kurtardı, Selde Kaybetti! Saygı Öztürk Kahreden Hikayeyi Anlattı",2023,Mar,3290.0,40.0,3.0,206.0
Erbakan Şart Koştu AKP Rest Çekti!,2023,Mar,50403.0,455.0,258.0,167.0
Ekranların Özlenen İsmi Fatih Portakal Sözcü TV Ana Haber ile Geri Dönüyor!,2023,Mar,16172.0,171.0,32.0,35.0
Şanlıurfa'da Sel Felaketinin Ardından Yılanlar Görünmeye Başladı #shorts,2023,Mar,23801.0,121.0,16.0,20.0
İmamoğlu ve Yavaş'ın 'Cumhurbaşkanı Yardımcılığı' Halkta Nasıl Karşılandı?,2023,Mar,2415.0,47.0,5.0,236.0
Şanlıurfa'yı Sel Vurdu! Arama Kurtarma Çalışmaları Devam Ediyor,2023,Mar,1498.0,19.0,2.0,539.0
Diyarbakır'da Yıldırımın Düşme Anı Kameralara Yansıdı! #shorts,2023,Mar,10013.0,149.0,5.0,13.0
Şanlıurfa Selin Ardından Havadan Görüntülendi!,2023,Mar,19274.0,46.0,16.0,159.0
HDP-TİP Satrancı! Emek ve Özgürlük İttifakı Kılıçdaroğlu'nu Destekleyecek Mi?,2023,Mar,966.0,21.0,3.0,133.0
3'e 5'e Bakmadılar Kızılay'daki Koltukları Kaptılar!,2023,Mar,14711.0,19.0,2.0,340.0
Dünya Bunu Konuşuyor! ABD'den 'Rusya Bize Saldırdı' İddiası!,2023,Mar,2826.0,41.0,5.0,122.0
Şanlıurfa'daki Sel Felaketinden Sıcak Görüntüler! Balıklıgöl Taştı Araçlar Sele Kapıldı,2023,Mar,34634.0,107.0,56.0,273.0
Erdoğan Yine Promptera Takıldı!,2023,Mar,193307.0,2410.0,1144.0,143.0
Moskova'da Kritik Suriye Masası! Emekli General Tehlikenin Asıl Adresini Açıkladı,2023,Mar,7656.0,192.0,16.0,530.0
Kemal Kılıçdaroğlu'nun HDP'ye Yapacağı Ziyaretin Arka Planını Aytunç Erkin Anlattı,2023,Mar,3032.0,38.0,4.0,474.0
SON DAKİKA Şanlıurfa'da Sel Felaketi! Urfa'da Sokaklar ve Caddeler Sular Altında,2023,Mar,21211.0,121.0,5.0,17936.0
"Özgür Özel İktidarı Yerden Yere Vurdu! ""İlahiyat Mezunu Olmak Dışında Bir Vasfı Olmayan...""",2023,Mar,2088.0,44.0,1.0,291.0
"Meral Akşener'den AKP'ye Çok Sert HÜDA PAR Tepkisi! ""Ülkenin Birliğine Tehdit Var""",2023,Mar,2664.0,50.0,12.0,129.0
Halktan Şanlıurfa Belediye Başkanı Zeynel Abidin Beyazgül'e Sel Felaketi Tepkisi! #shorts,2023,Mar,3575.0,103.0,7.0,59.0
"İletişim Başkanlığı’na Hakkını Helal Etmeyen Gökhan Zan: ""NASIL İNSANLARSINIZ!""",2023,Mar,6121.0,394.0,85.0,559.0
Uzman İsim Şanlıurfa'daki Sel Felaketinin Sebeplerini Tek Tek Açıkladı!,2023,Mar,13750.0,33.0,5.0,501.0
"CHP'li Vekil Şanlıurfa'daki Sel Felaketiyle İlgili Gerçekleri Anlattı! ""Hiç Kimseye Ulaşamıyorum!""",2023,Mar,3054.0,43.0,14.0,266.0
Adıyaman'ı Sel Felaketi Vurdu! Adıyaman Belediye Başkanı'ndan Son Dakika Sel Açıklaması,2023,Mar,1386.0,14.0,0.0,211.0
"""AKP'liysen Yemekte Var Çadır da!"" #shorts",2023,Mar,1908.0,86.0,2.0,59.0
İş Yerlerini Su Bastı Esnaf Çareyi Kürek ve Kovada Buldu! #shorts,2023,Mar,718.0,18.0,0.0,33.0
Şanlıurfa'da Yaşanan Sel Felaketinde Bir AVM'yi Böyle Su Bastı #shorts,2023,Mar,1282.0,20.0,1.0,25.0
Şanlıurfa Valiliği'nden Sel Uyarısı! Alt Geçitleri Su Bastı Dereler Taştı Araçlar Savruldu,2023,Mar,41246.0,150.0,50.0,519.0
Şanlıurfa Sel Sularına Teslim Oldu! Valilik Açıklama Yaptı. #shorts,2023,Mar,1536.0,26.0,1.0,53.0
Şanlıurfa'yı Sel Vurdu Vatandaş Alt Geçitte Mahsur Kaldı! #shorts,2023,Mar,1600.0,29.0,1.0,26.0
Şanlıurfa'da Çok Sayıda Vatandaş Suyun Altında Kaldı! Sel Felaketinde Son Durum,2023,Mar,29445.0,62.0,18.0,245.0
İYİ Parti Lideri Meral Akşener Partisinin Grup Toplantısında Konuştu,2023,Mar,1477.0,26.0,2.0,1036.0
Çağla Atlı ile Sabah Şerifleri | Türkiye Seçime Gidiyor | 15 Mart Yayını,2023,Mar,6285.0,107.0,1.0,9914.0
Bu Görüntüler Tehlikenin Boyutunu Gözler Önüne Serdi! Koskoca TIR Sünger Gibi Sürüklendi. #shorts,2023,Mar,512.0,13.0,0.0,44.0
Şanlıurfa'dan Korkutan Görüntüler! Balıklıgöl Sel Suyuyla Doldu Taştı! #shorts,2023,Mar,39513.0,182.0,11.0,13.0
Şanlıurfa'da Sokaklar Sular Altında Kaldı! #shorts,2023,Mar,1855.0,31.0,5.0,38.0
Şanlıurfa'da Araçlar Metrelerce Sürüklendi! Urfa'dan Son Dakika Sel Görüntüleri,2023,Mar,23173.0,47.0,12.0,515.0
Şanlıurfa'daki Sel Felaketinden İnanılmaz Görüntüler! Araçlar Evler Sular Altında!,2023,Mar,20934.0,63.0,14.0,268.0
İstanbul'daki İki Köprüyle İlgili Deprem Raporu Ortaya Çıktı! Çarpıcı Tsunami Tespiti,2023,Mar,2600.0,71.0,5.0,199.0
Şanlıurfa'da Sel Felaketi! Hastaneler Caddeler Sokaklar Sular Altında Kaldı,2023,Mar,37439.0,123.0,64.0,326.0
Yeniden Refah Partisi'nin İstekleri AKP'de Ortalığı Karıştırdı! İşte İktidarın Yeni Krizi,2023,Mar,36420.0,424.0,275.0,163.0
"Kemal Kılıçdaroğlu ve Ekrem İmamoğlu Şaşkına Döndü: ""AKP'liysen Çadırın da Var Yiyeceğin de!""",2023,Mar,11215.0,210.0,42.0,406.0
Muharrem İnce Seçimlerde Millet İttifakı'nı Destekleyecek mi? Lütfü Türkkan Değerlendirdi #shorts,2023,Mar,1995.0,42.0,3.0,51.0
CANLI | Lale Özan Arslan Moderatörlüğünde Kırmızı - Beyaz Başladı,2023,Mar,12698.0,268.0,6.0,10906.0
Muharrem İnce Seçimin Kaderini Değiştirebilir Mi?,2023,Mar,17042.0,226.0,222.0,214.0
"""Kulağıma Bir Şeyler Geliyor"" Dedi ve Kılıçdaroğlu'nun Yaşayabileceği Büyük Tehlikeyi Anlattı",2023,Mar,13179.0,234.0,24.0,354.0
İYİ Parti HDP ile Görüşür Mü? Lütfü Türkkan Tek Şartımız Var Diyerek Açıkladı,2023,Mar,17692.0,199.0,93.0,376.0
Muharrem İnce Seçimlerde Millet İttifakı'nı Destekleyecek mi? Lütfü Türkkan'dan Flaş Açıklamalar,2023,Mar,12956.0,131.0,106.0,344.0
"Lütfü Türkkan'dan İktidara: Biz Onlara İman, Onlar Bize IBAN!",2023,Mar,734.0,15.0,11.0,314.0
İYİ Partili Erhan Usta 'HDP ile Görüşme' Polemiği Hakkında Net Konuştu!,2023,Mar,3667.0,39.0,24.0,709.0
Deprem Bölgesine İlk Onlar Gitti... Sağlıkçılardan Erdoğan'a Yanıt: Ya Gitseydik!,2023,Mar,1116.0,31.0,6.0,332.0
"Vatandaş Kılıçdaroğlu'na Adeta İsyan Etti! ""Bizi Kurtarın Bu İnsanlardan. Bıktık!"" #shorts",2023,Mar,6040.0,220.0,7.0,48.0
Her Yerin Aksine Türkiye'de... Murat Muratoğlu'ndan Flaş Altın Yorumu!,2023,Mar,9534.0,149.0,17.0,230.0
"""2 Nedenle Geldim"" Diyerek Açıkladı! Kılıçdaroğlu Hatay - Suriye sınırından seslendi!",2023,Mar,2916.0,68.0,27.0,159.0
Bir Bu Eksikti! Asteroid Dünya'ya Çarpacak mı? Uzman İsim Açıkladı,2023,Mar,1496.0,28.0,4.0,155.0
Zafer Havalimanı Sinek Avlıyor! Deniz Yavuzyılmaz Dev Zararı Açıkladı,2023,Mar,1427.0,35.0,6.0,211.0
'Atatürk' İsmini Sildiler! AKP'li Vekilden Tepki Çeken Olaya Akılalmaz Savunma!,2023,Mar,3785.0,95.0,40.0,136.0
"Türkiye 6284 Sayılı Kanunu Konuşuyor! ""Kadınların Üzerinden Elinizi Çekin!"" #shorts",2023,Mar,1334.0,40.0,2.0,57.0
Halkın Mutfağı Alarm Veriyor! Pazarcı da Müşteri de İsyanda!,2023,Mar,522.0,18.0,1.0,202.0
"Faik Öztrak'tan Cumhur İttifakına Çok Sert Sözler! "" #shorts",2023,Mar,2479.0,82.0,6.0,56.0
Erdoğan Hedef Aldı Halk Sahip Çıktı! CHP'li Suzan Şahin'e Halktan Büyük Destek,2023,Mar,3541.0,65.0,11.0,378.0
"Kemal Kılıçdaroğlu Deprem Bölgesinde İktidara Seslendi! ""Yapamıyorsanız Söyleyin Biz Yapalım""",2023,Mar,853.0,33.0,7.0,2186.0
Depremzedelerin Çilesi Bitmiyor! İskenderun'da Çadırları Su Bastı,2023,Mar,1189.0,19.0,5.0,94.0
Tuba Emlek İle Haber Bülteni | 14 Mart Yayını,2023,Mar,3003.0,82.0,2.0,5311.0
Kahraman Avukat! 22 Gün Direnerek Yıkılan Binalarla İlgili Çok Önemli Belgeleri Kurtardı!,2023,Mar,1296.0,47.0,2.0,427.0
Yapılandırma - Borç Silme - Vergi Affı Sistemi... Murat Muratoğlu Tek Tek Anlattı,2023,Mar,16283.0,69.0,5.0,389.0
Murat Muratoğlu ABD'deki Banka Krizini Tüm Detaylarıyla Anlattı,2023,Mar,15188.0,229.0,27.0,395.0
NEREDESİNİZ? Osmaniyeli Depremzedenin Yardım İsyanı Gündem Oldu!,2023,Mar,594.0,23.0,5.0,207.0
Tunç Soyer'den Hükümeti Kızdıracak İmar Affı Sözleri!,2023,Mar,524.0,21.0,7.0,341.0
"Faik Öztrak İktidarı Yerden Yere Vurdu! ""Gaffar Okkan'ın Katilleriyle Kol Kola Giriyorlar!""",2023,Mar,1761.0,54.0,4.0,513.0
Kemal Kılıçdaroğlu'ndan HDP ve Amedspor'la İlgili Gündem Olacak Sözler!,2023,Mar,3530.0,44.0,28.0,187.0
Ekrem İmamoğlu'ndan Erdoğan'a Kerem Kınık Göndermesi! Çarpıcı Kızılay Açıklaması,2023,Mar,2424.0,76.0,16.0,107.0
Çağla Atlı ile Sabah Şerifleri | Türkiye'nin Sıcak Gündeminden Haberler | 14 Mart Yayını,2023,Mar,7482.0,128.0,2.0,9896.0
Türkiye'nin Yeni Gündemi 6284 Sayılı Kanun! Çağla Atlı Canlı Yayında Kanun İçeriğini Anlattı,2023,Mar,2514.0,41.0,38.0,136.0
"Kemal Kılıçdaroğlu Sözcü'ye Konuştu! ""418 Milyar Dolar Çalındı! Her Kuruşu Geri Alınacak""",2023,Mar,5831.0,204.0,57.0,296.0
İYİ Partili Kürşad Zorlu'dan Cumhur İttifakı'na Gündem Olacak Gönderme!,2023,Mar,4019.0,75.0,7.0,313.0
Adıyaman'da İnanılmaz Görüntüler! Görenleri Hayrete Düşüren Fay Hattı Kayması Görüntülendi,2023,Mar,8724.0,65.0,3.0,134.0
Lale Özan Arslan Moderatörlüğünde Kırmızı - Beyaz | Hizbullah HÜDA PAR | 13 Mart,2023,Mar,7293.0,168.0,0.0,11971.0
"Kızılay Eski Başkanı İşte Böyle Sitem Etti! ""Bunlar Kızılay'ı 12 Şirketli Holding Yapmışlar!""",2023,Mar,1958.0,88.0,1.0,58.0
HDP'nin Kapatılması Davasıyla İlgili Çarpıcı İddia! Asıl Amaç Başka Olabilir Diyerek Açıkladı,2023,Mar,2229.0,30.0,5.0,547.0
"Ahmet Zeki Üçok O Tehlikeye Dikkat Çekti! ""Yürürlükten Kaldırıldığını Görebiliriz""",2023,Mar,89399.0,681.0,110.0,550.0
"Levent Gök'ten Gündem Olacak AKP - HÜDA PAR Sözleri! ""Çok da Farklı Değiller""",2023,Mar,960.0,17.0,3.0,499.0
İstanbul'un Göbeğinde Büyük Tehlike! Bir Semt Diken Üstünde,2023,Mar,16734.0,24.0,4.0,258.0
Bu Acıya Yürek Dayanmaz! Enkaz Altındaki Kızının Sesli Mesajını Duyan Baba Yıkıldı,2023,Mar,52925.0,556.0,171.0,402.0
Dolar Altın ve Euro Sahipleri Dikkat! Oğuz Demir Seçim Sonrası Dönemi Değerlendirdi,2023,Mar,105559.0,1140.0,45.0,503.0
Prof. Dr. Naci Görür'den Bir Uyarı Daha Geldi! Canlı Yayında Bu Sözlerle Anlattı,2023,Mar,160092.0,144.0,13.0,750.0
10 Bin Lira... Orhan Aydın'dan Gündem Olacak AFAD İddiası!,2023,Mar,31855.0,951.0,134.0,715.0
Saygı Öztürk Canlı Yayında AKP - HÜDA PAR İlişkisini Tek Tek Anlattı,2023,Mar,6440.0,70.0,13.0,737.0
Aytunç Erkin AKP-Hizbullah-HÜDA PAR Gerçeklerini Anlattı!,2023,Mar,3725.0,127.0,4.0,1088.0
Suriye Vurgusu Dikkat Çekti! AKP HÜDA PAR Görüşmesinin Ardından Açıklama!,2023,Mar,2155.0,18.0,21.0,620.0
Yol Değil Sanki Yapboz! Maraş'taki Devasa Yıkım Görenleri Hayrete Düşürdü,2023,Mar,2044.0,30.0,10.0,538.0
Murat Muratoğlu'ndan Çarpıcı Enflasyon Yorumu!,2023,Mar,32459.0,523.0,69.0,366.0
89 Kişiye Mezar Olan Site! Vicdansızlar Havuzun Kolonunu Yok Etmişler,2023,Mar,896.0,17.0,0.0,167.0
"Murat Muratoğlu Batan ABD'li Bankaya Benzeterek Uyardı! ""Bankacılık Sistemi Büyük Zarar Görecek""",2023,Mar,44606.0,611.0,47.0,346.0
Murat Muratoğlu'ndan Türkiye'deki EYT Sistemine Fransa Örneği!,2023,Mar,12385.0,120.0,30.0,308.0
FATİH PORTAKAL İLE SÖZCÜ ANA HABER'E ÇOK AZ KALDI! #shorts,2023,Mar,20447.0,1029.0,78.0,22.0
"Eski Kızılay Başkanı Akar ""Çok Büyük İhanettir"" Diyerek Kerem Kınık'a Bu Sözlerle Tepki Gösterdi!",2023,Mar,1314.0,41.0,4.0,568.0
İşte HÜDA PAR'ın Cumhuriyet Karşıtı İstekleri! #shorts,2023,Mar,8399.0,72.0,39.0,54.0
90'lı Yılların Ünlü İsmi Sadettin Tantan Hizbullah ve HÜDA PAR İlişkisini Anlattı!,2023,Mar,5634.0,116.0,18.0,499.0
Altın ve Dolar Fırladı! Murat Muratoğlu'ndan Yatırımcılara Flaş Uyarı!,2023,Mar,101062.0,1463.0,146.0,415.0
HÜDA PAR'da Yok Yok! İşte HÜDA PAR'ın Devlet Bahçeli'yi Çok Kızdıracak Görüşleri!,2023,Mar,8432.0,109.0,104.0,279.0
Tuba Emlek İle Saat 13 | 13 Mart Yayını,2023,Mar,4123.0,45.0,0.0,3286.0
Her Gün Dibe Gidiyoruz! Iğdırlı Esnaf Vatandaşın Gerçeklerini Bu Sözlerle Anlattı,2023,Mar,696.0,24.0,4.0,345.0
"Helallik Değil, 'Adalet' İstiyorlar! #shorts",2023,Mar,1286.0,49.0,0.0,47.0
Meral Akşener ve Mansur Yavaş'tan Depremzedeye Duygulandıran Yardım!,2023,Mar,801.0,18.0,2.0,450.0
Gel de Bu Vatandaştan Helallik İste! Çocuklarını Doyurabilmek İçin Hasarlı Evlerden Eşya Taşıyor,2023,Mar,579.0,13.0,2.0,693.0
Kızılay Yöneticisi Temel Karamollaoğlu'nu Hedef Aldı! İşte Murat Ellialtı'nın Olay Sözleri,2023,Mar,2768.0,48.0,33.0,108.0
"Erdoğan'a İsyan Büyüyor! ""Helalleşme Diyorlar, Helalleşmek İçin Özür Dilemen Lazım!"" #shorts",2023,Mar,1738.0,80.0,2.0,56.0
Şahan Gökbakar'dan Kerem Kınık'a Çok Sert Sözler! #shorts,2023,Mar,4197.0,163.0,6.0,56.0
Çağla Atlı ile Sabah Şerifleri | 13 Mart Yayını,2023,Mar,10412.0,134.0,13.0,10211.0
Depremzedelerden Erdoğan'a Helallik İsyanı! Ali Babacan'a Gözyaşlarıyla Anlattılar,2023,Mar,872.0,20.0,3.0,147.0
İttifak Söylentileri Boşa Çıktı! Muharrem İnce Resmen Cumhurbaşkanı Adayı,2023,Mar,4003.0,119.0,74.0,108.0
Naim Babüroğlu İktidara 'Koçi Bey Risalesi'ni Örnek Verdi! Osmanlı'nın Çöküşünün Nedeni Diyerek...,2023,Mar,3167.0,146.0,15.0,521.0
"Şahan Gökbakar Kerem Kınık'ı Yerden Yere Vurdu! ""Bende Şöhret Çok Sizde Utanma Yok!""",2023,Mar,111631.0,1710.0,470.0,182.0
Devlet Gözetimindeki 1100 Depremzede Çocukla İlgili Çarpıcı Menzil Cemaati İddiası!,2023,Mar,47140.0,145.0,45.0,833.0
"Meral Akşener Depremzedenin Feryadı İle Sarsıldı! ""Ölmek İstemiyoruz Diye Bağırıyorlardı!""",2023,Mar,4147.0,53.0,29.0,194.0
"Fatih Portakal ile Ana Haber SÖZCÜ TV'de Başlıyor! ""Vicdanımla Geri Dönüyorum""",2023,Mar,81715.0,1878.0,331.0,253.0
"Naim Babüroğlu ""100 Yılın Projesi Gerçek Oluyor"" Diyerek Uyardı! Hatay'a Dikkat Edin",2023,Mar,48167.0,594.0,178.0,865.0
Lale Özan Arslan Moderatörlüğünde Kırmızı - Beyaz! | 12 Mart Yayını,2023,Mar,26365.0,392.0,43.0,13746.0
Aytuğ Atıcı'nın Erdoğan İddiası Gündeme Oturacak! Erdoğan'ın Adaylık Planını Bu Sözlerle Anlattı,2023,Mar,158842.0,1902.0,300.0,457.0
Erdoğan HÜDA Par ile Neden İttifak Kurdu? Süheyl Batum Tek Tek AKP'nin Planını Anlattı,2023,Mar,21023.0,286.0,90.0,486.0
Ata İttifakı Adayı Sinan Oğan'dan Çarpıcı Parlamenter Sistem Açıklaması!,2023,Mar,7146.0,238.0,70.0,306.0
Ata İttifakı Adayı Sinan Oğan'dan Gündem Olacak Millet İttifakı Yorumu!,2023,Mar,26988.0,704.0,525.0,925.0
Erdoğan'ın Yüzüne Bakarak Söyledi! İşte Erdoğan'ın Vatandaşa Tepkisi,2023,Mar,49415.0,349.0,268.0,367.0
"Naim Babüroğlu'ndan Çarpıcı Uyarı! ""Bunu Engelleyin! Yoksa Atamızı Ziyaret Etmeme Şansımız Olabilir""",2023,Mar,21587.0,237.0,47.0,311.0
Selçuk Geçer'den Dolar Yorumu! Muhalefet Seçimi Kazanırsa Dolar Düşer Mi?,2023,Mar,36406.0,574.0,84.0,461.0
Ekonomist Selçuk Geçer Gerçek Enflasyonu Açıklayarak Büyük Tehlikeyi Tek Tek Anlattı,2023,Mar,7830.0,203.0,8.0,570.0
Canan Kaftancıoğlu'ndan HDP Açıklaması! İktidarın İkiyüzlülüğünü Çarpıcı Şekilde Anlattı,2023,Mar,19097.0,198.0,61.0,667.0
"Vatandaş İsyan Etti! ""Bizi Bu İlletten Kurtarın! Kanser Hastalığı Gibi Sarmışlar Türkiyeyi.""#shorts",2023,Mar,1671.0,141.0,7.0,17.0
Ruhat Mengi İle Her Açıdan | 12 Mart Yayını,2023,Mar,8213.0,198.0,11.0,11145.0
Canan Kaftancıoğlu'ndan Türkçe Bilmeyenlerin Oy Kullanmasıyla İlgili Çarpıcı Sözler,2023,Mar,25105.0,45.0,7.0,89.0
Ümit Özdağ'dan Mansur Yavaş'a Adaylık Çıkışı!,2023,Mar,2623.0,30.0,3.0,59.0
13. Cumhurbaşkanı Adayı Kemal Kılıçdaroğlu Deprem Bölgesinde! #shorts,2023,Mar,3645.0,218.0,11.0,60.0
"Prof. Dr. Murat Somer 'Halk Alıştırıldı' Diyerek Tek Tek Açıkladı! ""Hangisine Tepki Vereceğiz?""",2023,Mar,10867.0,21.0,6.0,659.0
CHP'li Özgür Özel'den Bakan Özhaseki'ye videolu cevap! #shorts,2023,Mar,1920.0,93.0,5.0,52.0
"Canan Kaftancıoğlu'ndan İktidara İstifa Çağrısı! ""Sorumluluk Duyguları Yok""",2023,Mar,7839.0,71.0,21.0,606.0
Onları Deprem Bile Ayıramadı! Felçli Eşini Yıkılmak Üzere Olan Evden Kendi Elleriyle Çıkardı,2023,Mar,682.0,20.0,0.0,113.0
"Erdoğan Söz Vermişti! İzmir Depremzedeleri 2,5 Yıldır Hala Mağdur!",2023,Mar,3118.0,48.0,18.0,1313.0
Depremzede Melisa Artık Ders Görmek İçin Değil Hayatta Kalmak İçin Okulda,2023,Mar,418.0,13.0,0.0,216.0
"Fiyat Artışları ""Nerede O Eski Ramazanlar"" Dedirtti! Ramazan Kolisine Yüzde 131 Zam!",2023,Mar,842.0,35.0,6.0,227.0
Et Zammı Lahmacunu Da Etkiledi! Yerli Lezzetimizi Tüketmek Artık Lüks Oldu,2023,Mar,18720.0,66.0,18.0,149.0
Erdoğan Seçimi Kaybederse Ne Yapacak?,2023,Mar,24294.0,277.0,124.0,133.0
Seçim İkinci Tura Kalır Mı? İbrahim Uslu'dan Önemli Seçim Değerlendirmesi,2023,Mar,70364.0,698.0,265.0,274.0
Erdoğan'ın Yeni Ortağı! HÜDA PAR'ın Parti Programı Pes Dedirtti!,2023,Mar,14793.0,243.0,127.0,635.0
Ümit Özdağ'dan Millet İttifakı'na Çok Sert Atatürk Tepkisi!,2023,Mar,5791.0,164.0,80.0,119.0
Ata İttifakı Seçim İkinci Tura Kalırsa Kimi Destekleyecek? Ümit Özdağ SÖZCÜ TV'de Açıkladı,2023,Mar,66205.0,766.0,383.0,350.0
"Bu Kadarına Pes! Depremzedelere Bir Hafta Verdiler, Konteynerları Boşaltın Dediler",2023,Mar,79314.0,288.0,116.0,259.0
"Dükkanını Kapattı, 2 Bin Depremzedeye Yemek Yaptı! Yardımsever Kadın Yaşadıklarını Anlattı",2023,Mar,1120.0,20.0,7.0,294.0
"Deprem Bölgesinden Kılıçdaroğlu'na Destek Büyüyor! ""85 MİLYON İLE BİR OLDUNUZ, İYİ Kİ VARSINIZ""",2023,Mar,8039.0,253.0,41.0,718.0
Dolandırıcılar Sınır Tanımıyor! Kanser Hastası Depremzedeyi Dolandırdılar,2023,Mar,435.0,6.0,2.0,123.0
"Seçimi Sokağa Sorduk! ""Gerekirse Kapı Kapı Dolaşıp Oy İsteyeceğim""",2023,Mar,19788.0,103.0,29.0,408.0
Kılıçdaroğlu'na Sayın Cumhurbaşkanım Dedi ve Haykırdı: İktidar Partileri Fotoğraf Çekinip Gittiler,2023,Mar,7785.0,223.0,52.0,507.0
AKP'nin Yeni İttifak Ortağı Hedefi Yeniden Refah Partisi! Bu Sözlerle Açıkladılar,2023,Mar,2302.0,21.0,44.0,253.0
"Kemal Kılıçdaroğlu'na Çaresizliğini Anlatan Vatandaş İsyan Etti! ""Yemek Yok, Banyo Yok""",2023,Mar,4229.0,111.0,17.0,744.0
Efsane Geri Dönüyor! Fatih Portakal ile Ana Haber Bülteni SÖZCÜ TV'de! #shorts,2023,Mar,12436.0,825.0,77.0,43.0
Ekrem İmamoğlu ve Meral Akşener'den Hatay'da Ortak Açıklama,2023,Mar,5326.0,100.0,18.0,1431.0
Depremzede Kadından Kılıçdaroğlu'na Duygulandıran Sözler: Torunlarım Sana Emanet,2023,Mar,11811.0,266.0,73.0,292.0
Fatih Portakal ile Ana Haber SÖZCÜ TV'de Başlıyor! 20 Mart Akşamı Kimseye Randevu Vermeyin!,2023,Mar,40430.0,496.0,127.0,43.0
Adıyaman'da Depremin Yarattığı Yıkıma Bir de Yukarıdan Bakın!,2023,Mar,34380.0,68.0,12.0,334.0
"Depremzedeler Kılıçdaroğlu'na İktidarın Acizliğini Anlattı: ""Bir Çivi Dahi Gelmedi!""",2023,Mar,5593.0,185.0,39.0,548.0
Sezen Aksu Ali İsmail Korkmaz'ın Ailesini Ziyareti Etti! Emel Korkmaz Ziyareti Anlattı,2023,Mar,51116.0,203.0,29.0,420.0
Prof. Dr. Naci Görür 'İki Fay Birden Kırılırsa' Diyerek Büyük Tehlikeyi Anlattı!,2023,Mar,101505.0,302.0,87.0,387.0
Devlet Bahçeli'nin Hemşerileri Bu Halde Yaşıyor! Evini Su Basan Osmaniyeli Vatandaş İsyan Etti,2023,Mar,4737.0,72.0,17.0,152.0
Kemal Kılıçdaroğlu Deprem Bölgesinde Tanık Olduğu Acı Olayı Bu Sözlerle Anlattı!,2023,Mar,5400.0,108.0,26.0,336.0
Malatyalı Depremzede Küçük Kız Herkesin Yüreğini Isıttı! Kurtardığı Kuşlarını Yanından Ayırmıyor,2023,Mar,1226.0,67.0,2.0,138.0
İktidarın HDP Çıkmazı! Kapatılacak Mı?,2023,Mar,1876.0,21.0,5.0,510.0
Depremzede Vatandaş Baba Yadigarı Atatürk Portesini Kılıçdaroğlu'na Hediye Etti,2023,Mar,3158.0,178.0,11.0,22.0
Enkaz Altındaki Yaralıya Müdahale Ederken Depreme Yakalandı! O Anları Böyle Anlattı,2023,Mar,1047.0,23.0,2.0,227.0
ABD'li Şirketten Çarpıcı Türkiye Raporu! İlk 5'e Girdik!,2023,Mar,10867.0,49.0,18.0,103.0
Aytunç Erkin'den İktidara Sert Sözler #shorts,2023,Mar,2357.0,68.0,1.0,44.0
Depremden 2 Saat Sonra Hatay Sokakları... İşte Gözyaşlarına Boğan Görüntüler,2023,Mar,22702.0,90.0,24.0,408.0
İsrail Ayakta Netanyahu'nun Başı Büyük Dertte!,2023,Mar,895.0,17.0,0.0,83.0
Togg Alma Fırsatı Yüzde 25 Zarar Ettirdi! Murat Muratoğlu Anlattı,2023,Mar,8138.0,143.0,58.0,142.0
Murat Muratoğlu'ndan Dolar Yorumu! Seçimden Sonra Yükselecek Mi?,2023,Mar,97775.0,1925.0,178.0,810.0
"Göçmen Sayısı, Depremzedeler... Ümit Özdağ Seçim Güvenliği Tehlikede Dedi, YSK'ya Gitti!",2023,Mar,7162.0,192.0,55.0,317.0
Aytunç Erkin Suzan Şahin'i Hedef Gösteriyorlar Diyerek İktidara Bu Sözlerle Seslendi,2023,Mar,1451.0,26.0,2.0,260.0
Suzan Şahin'den Erdoğan'a Jet Yanıt! #shorts,2023,Mar,2784.0,80.0,8.0,56.0
ERDOĞAN BU KEZ SUZAN ŞAHİN'İ HEDEF ALDI! #shorts,2023,Mar,3138.0,31.0,18.0,48.0
YSK Başkanı'ndan Seçim Tarihi Açıklaması #shorts,2023,Mar,11957.0,192.0,52.0,53.0
Erdoğan'ın Seçim Tarihi Konuşmasının Detaylarını Aytunç Erkin Tek Tek Anlattı!,2023,Mar,2695.0,57.0,19.0,660.0
Erdoğan Hedef Almıştı! CHP'li Suzan Şahin'den Erdoğan'a Gündem Olacak Cevap!,2023,Mar,26496.0,209.0,28.0,612.0
Cumhurbaşkanı Erdoğan Seçim Tarihini Resmen Açıkladı! #shorts,2023,Mar,10482.0,143.0,47.0,51.0
CHP Hatay Milletvekili Suzan Şahin'in Meclis Konuşması Erdoğan'ı Çıldırttı,2023,Mar,19784.0,61.0,104.0,506.0
Cumhurbaşkanı Erdoğan Seçim Tarihini Resmen Açıkladı! Seçim Tarihi 14 Mayıs,2023,Mar,9390.0,116.0,49.0,2686.0
Tuba Emlek İle Saat 13 | 10 Mart Yayını,2023,Mar,9405.0,54.0,2.0,3341.0
Kızılelma Süpersonik Hıza Ulaşacak #shorts,2023,Mar,1498.0,28.0,4.0,54.0
Engin Altay Meclis'te 88 Milyar Lirayı Sordu İktidar Sıraları Çıldırdı!,2023,Mar,2904.0,65.0,13.0,280.0
Murat Muratoğlu'ndan Bakan Nebati'ye: Merkez Bankası Bile Sana Güvenmiyor,2023,Mar,12084.0,250.0,26.0,578.0
Türkiye Bu Karara Kilitlendi! Muhalefet Erdoğan'ın Seçim Kararını Bekliyor,2023,Mar,1159.0,12.0,1.0,167.0
Murat Muratoğlu'ndan TÜİK ve AKP'ye Gündem Olacak Sözler! Kritik Seçim Kararı Detayı,2023,Mar,6583.0,133.0,5.0,430.0
İktidar Yine Emekçiyi Mağdur Etti! Binlerce Sağlık Çalışanı İsyan Etti,2023,Mar,468.0,9.0,2.0,291.0
Çağla Atlı ile Sabah Şerifleri | 10 Mart Yayını,2023,Mar,15420.0,198.0,22.0,9956.0
CHP Grup Başkanvekili Özgür Özel'den HDP Açıklaması! #shorts,2023,Mar,3352.0,60.0,6.0,59.0
Kızılelma ABD'nin Gözünü Korkuttu! Süpersonik Hıza Ulaşacak,2023,Mar,9384.0,58.0,35.0,75.0
Kılıçdaroğlu'nun Adaylığı Sonrası İktidar Çıldırdı! Cumhur İttifakı İkinci Altılı Masa Oluşturuyor,2023,Mar,59617.0,459.0,327.0,211.0
CHP Grup Başkanvekili Özgür Özel'den HDP Açıklaması! İktidara Bu Sözlerle Gönderme Yaptı,2023,Mar,2359.0,33.0,4.0,138.0
Kamuoyuna Duyurulur! SÖZCÜ Gazetesi'nden Yılmaz Özdil'in Ayrılığına İlişkin Açıklama,2023,Mar,28312.0,325.0,275.0,101.0
Gündem Olan Seçim Kararında Hindistan Detayı! Saygı Öztürk Anlattı,2023,Mar,2052.0,33.0,8.0,327.0
Ceza Hukukçusu HDP'nin Yaşayacağı Büyük Tehlikeyi Canlı Yayında Bu Sözlerle Tek Tek Anlattı!,2023,Mar,21336.0,33.0,8.0,379.0
Akademisyen Depremzede Öğrenci İle Dalga Geçti! İşte O Ses Kaydı,2023,Mar,55923.0,42.0,27.0,132.0
Suriye'yi Herkes Unuttu Derken... ABD'den Beklenmedik Suriye Hamlesi!,2023,Mar,2914.0,30.0,5.0,115.0
Selahattin Demirtaş'tan Meral Akşener'e Tarihi Mektup! Muhalefette HDP Krizi,2023,Mar,5182.0,27.0,47.0,111.0
Biden'ın Başı Büyük Belada! Amerika Bölünebilir... Resmen Harekete Geçtiler,2023,Mar,2397.0,33.0,14.0,65.0
CHP Hatay Milletvekili Suzan Şahin'in Tarihi Meclis Konuşması! #shorts,2023,Mar,11882.0,331.0,11.0,59.0
Rusya'dan Kiev'e Füze Fırtınası! Ukrayna'nın Çok Kritik Can Damarı Vuruldu,2023,Mar,16811.0,110.0,22.0,84.0
CHP Hatay Milletvekili Suzan Şahin'in Son Meclis Konuşması AKP Sıralarını Titretti!,2023,Mar,36192.0,240.0,61.0,105.0
İstanbul'daki Köprü ve Viyadüklerde Deprem Endişesi! Uzmanlardan Kritik Uyarı,2023,Mar,875.0,11.0,3.0,167.0
Saray'ın Mutfağı Kaynarken Halkın Mutfağı Yanıyor! Et Fiyatlarına Büyük Zam! #shorts,2023,Mar,1662.0,53.0,5.0,56.0
Yer: Hatay! Deprem Anından Yeni Görüntüler Ortaya Çıktı! Yer Yerinden Oynadı... #shorts,2023,Mar,936.0,17.0,0.0,60.0
Meclis'te Tansiyon Yükseldi! AKP'li Vekil CHP'li Vekile Su Fırlattı!,2023,Mar,1766.0,21.0,6.0,81.0
Tuba Emlek İle Saat 13 | 9 Mart Yayını,2023,Mar,8923.0,27.0,2.0,2876.0
"Ümit Özdağ'ın Seçim Sonrası İçin Ortaya Attığı İYİ Parti İddiası Çok Konuşulur! ""AKP VE MHP İLE...""",2023,Mar,43904.0,473.0,185.0,494.0
Saray'ın Mutfağı Kaynarken Halkın Mutfağı Yanıyor! Et Fiyatlarına Büyük Zam,2023,Mar,1103.0,34.0,19.0,124.0
Ümit Özdağ'dan Muharrem İnce'yle İlgili Çarpıcı Sözler!,2023,Mar,24834.0,291.0,45.0,60.0
Ümit Özdağ'dan Flaş Altılı Masa Yorumu: Meral Hanımın Masaya Dönmesi İçin Yaptılar Diyerek Açıkladı,2023,Mar,21205.0,223.0,87.0,330.0
Ümit Özdağ'dan Sığınmacı Rakamlarına TÜİK Benzetmesi #shorts,2023,Mar,1317.0,66.0,3.0,58.0
Yer: Hatay! Deprem Anından Yeni Görüntüler Ortaya Çıktı! Yer Yerinden Oynadı...,2023,Mar,55025.0,45.0,5.0,124.0
Ümit Özdağ Muharrem İnce İle Yaşanan İttifak Krizini Anlattı! Mansur Yavaş Örneği Verdi,2023,Mar,51653.0,727.0,318.0,490.0
Ümit Özdağ'dan Çok Konuşulacak Açıklamalar! | Sığınmacılar - Kılıçdaroğlu - Altılı Masa - İttifaklar,2023,Mar,32716.0,718.0,132.0,8451.0
Ümit Özdağ Göç İdaresi'nin Üst Düzey Yöneticisiyle Gizli Toplantı Yaptık Diyerek Tek Tek Anlattı,2023,Mar,56647.0,1100.0,235.0,415.0
Ümit Özdağ Yeni İttifakı Canlı Yayında Açıkladı! Millet İttifakına Gündem Olacak HDP Göndermesi,2023,Mar,12827.0,168.0,115.0,226.0
Tuba Emlek'in Moderatörlüğünde Kırmızı - Beyaz | 8 Mart Özel Yayını,2023,Mar,11850.0,152.0,6.0,9741.0
Kadınlar Günü'nde Kadınlara Sert Müdahale! Muhabirimiz Polis Müdahalesini Anbean Canlı Aktardı,2023,Mar,23579.0,96.0,57.0,263.0
"8 Mart'ta Kadınlar Meydanlarda! İşte İstanbul, İzmir, Ankara'da Son Durum! #shorts",2023,Mar,1272.0,54.0,4.0,60.0
Tüm Ailesini Kaybeden Depremzede Baba Kaybolan Kızını Arıyor #shorts,2023,Mar,858.0,31.0,2.0,59.0
İYİ Partili İsimden Erdoğan'a 'Helallik' Çıkışı! Enkazda Bekleyen Baba...,2023,Mar,1148.0,29.0,0.0,1011.0
Bunları İlk Defa Duyacaksınız! BM'nin Deprem Bölgesi Raporunda Öyle Detaylar Var ki...,2023,Mar,9096.0,63.0,4.0,244.0
Canan Kaftancıoğlu'dan Tarihi Konuşma! İktidara Bu Sözlerle Meydan Okudu,2023,Mar,16478.0,253.0,62.0,266.0
Engin Altay: Bu Konuda Konuşacak En Son Kişi Sayın Devlet Bahçelidir! #shorts,2023,Mar,2013.0,81.0,6.0,58.0
"8 Mart'ta Kadınlar Meydanlarda! İşte İstanbul, İzmir, Ankara'da Son Durum!",2023,Mar,15723.0,183.0,85.0,672.0
"Tüm Ailesini Kaybeden Depremzededen Yürek Burkan Çağrı: Kızımı Arıyorum, Ölü ya da Diri...",2023,Mar,1224.0,29.0,5.0,658.0
Korcan Karar ile Ana Haber | Son Dakika Haberleri | 8 Mart Yayını,2023,Mar,9226.0,130.0,3.0,3946.0
Kadıköy-Beşiktaş Vapur Seferine 'Sokak Köpeği' İptali! #shorts,2023,Mar,2396.0,48.0,8.0,46.0
İktidar Çıldıracak! Engin Altay'dan Çok Konuşulacak Sözler: Yüzüne Nasıl Bakıyor?,2023,Mar,11354.0,193.0,48.0,432.0
Deprem Fırtınası Devam Ediyor! Malatya'da 5 Katlı Bina Çöktü!,2023,Mar,3277.0,20.0,2.0,334.0
Kadıköy-Beşiktaş Vapur Seferine 'Sokak Köpeği' İptali! Kaptan Anons Yaptı Vatandaşlar Tepki Gösterdi,2023,Mar,1767.0,28.0,33.0,110.0
SÖZCÜ Televizyonu Deprem Bölgesindeydi!  #shorts,2023,Mar,987.0,28.0,5.0,59.0
Ali Ekber Yıldırım ve Merve Ekinci İle Söz Tarımda | 8 Mart,2023,Mar,7378.0,47.0,0.0,1441.0
Nedim Türkmen İle Ekonomi Politik | 8 Mart Yayını,2023,Mar,1642.0,25.0,1.0,3456.0
Özlem Ermiş Beyhan İle Ekonomi Konuşuyoruz | 8 Mart Yayını,2023,Mar,2136.0,13.0,1.0,1546.0
Deprem Bölgesinin Canlı Şahitleri... SÖZCÜ Ekibi Depremzedelerin Çaresizliğini Böyle Anlattı,2023,Mar,451.0,8.0,0.0,1961.0
Ben Her Gün İmamoğlu ve Yavaş'la Konuşuyorum Diyerek Altılı Masa Krizinin Perde Arkasını Anlattı,2023,Mar,2280.0,26.0,2.0,542.0
Tuba Emlek İle Saat 13 | 8 Mart Yayını,2023,Mar,5208.0,84.0,0.0,2790.0
Deprem Bölgesinin Kahraman Kadınları! Korkusuzca Enkaz Altına Giriyorlar,2023,Mar,313.0,7.0,2.0,318.0
"İki Bölge İçin ""Tehlike Büyük"" Dedi ve Uyardı! #shorts",2023,Mar,831.0,28.0,0.0,60.0
Kadınlar Günü'nde 'İstanbul Sözleşmesi' Değerlendirildi! Yeniden Yürürlüğe Girerse Ne Değişir?,2023,Mar,579.0,10.0,3.0,1092.0
İki Bölge İçin Kritik Deprem Uyarısı! Tehlikedeki Deprem Bölgelerini Tek Tek Anlattı,2023,Mar,142851.0,153.0,32.0,370.0
Yaşar Özer ile Memleket Meselesi | 8 Mart Yayını,2023,Mar,6523.0,21.0,0.0,2106.0
Murat Muratoğlu'ndan Sistem Eleştirisi: O Kadar Kötü Ki... #shorts,2023,Mar,1635.0,67.0,2.0,58.0
Jorge Jesus Büyük Hayalini Açıkladı! Enner Valencia'dan Jorge Jesus'a Övgü Dolu Sözler,2023,Mar,649.0,6.0,0.0,313.0
"Milletin Sofrası, Siyasetin Gölgesinde Kaldı! #shorts",2023,Mar,2056.0,39.0,3.0,59.0
Murat Muratoğlu: Kılıçdaroğlu Gelse Bile Türkiye Yarın Bir Fransa Olamayacak,2023,Mar,21629.0,440.0,144.0,405.0
Murat Muratoğlu ve Çağla Atlı ile Sabah Şerifleri | 8 Mart Yayını,2023,Mar,27001.0,400.0,18.0,10819.0
Saray 'Milletin Masası'nı Görmüyor... Hayat Pahalılığı Siyaset Gündeminin Gölgesinde Kaldı,2023,Mar,1757.0,68.0,21.0,417.0
Altılı Masa Krizi Nasıl Çözüldü? DEVA Partisi Nasıl Adım Attı? İdris Şahin Açıkladı,2023,Mar,437.0,10.0,0.0,555.0
"Murat Gezici'den Kemal Kılıçdaroğlu'na Teknik Direktör Benzetmesi! ""Daha Zor Olacak""",2023,Mar,16580.0,262.0,83.0,399.0
Halka Mikrofon Uzattık! Sokak Kemal Kılıçdaroğlu'nun Adaylığına Ne Diyor?,2023,Mar,61760.0,220.0,86.0,172.0
Saygı Öztürk'ten Gündem Olacak İddia: Yeni SADAT'lar Kuruluyor!,2023,Mar,48587.0,544.0,68.0,357.0
Korcan Karar Moderatörlüğünde Kırmızı - Beyaz | Muhalefet'in Planı Ne? | 7 Mart Yayını,2023,Mar,9822.0,142.0,9.0,10031.0
Berhan Şimşek'ten Erdoğan'a Sert Çıkış: Hadi Çık Konuş Şimdi Kanal İstanbul'u!,2023,Mar,25406.0,475.0,76.0,561.0
Kimse Bunu Konuşmuyor Ama... Saygı Öztürk'ten Önemli Kemal Kılıçdaroğlu Uyarısı!,2023,Mar,52400.0,735.0,138.0,761.0
"""Şüphesiz Bazıları 10 Yıl Sonra Yazılacak!"" CHP'li İsimden Çarpıcı Meral Akşener Sözleri",2023,Mar,2808.0,39.0,6.0,392.0
Korcan Karar'dan Canlı Yayında İzmir Marşı Resitali!,2023,Mar,26390.0,108.0,14.0,81.0
HDP'den Millet İttifakı'na Kritik Çağrı! Özgür Özel'den Jet Yanıt!,2023,Mar,4905.0,84.0,10.0,293.0
"Herkes Kılıçdaroğlu'nu Alkışlarken, Özgür Özel Ağladı! SÖZCÜ Televizyonu Sunucusu O Anları Anlattı",2023,Mar,49227.0,598.0,234.0,159.0
İşte Meral Akşener'in Altılı Masa'ya Dönmesini Sağlayan Tarihi 72 Saat!,2023,Mar,2080.0,22.0,4.0,171.0
Korcan Karar ile Ana Haber | Son Dakika Haberleri | 7 Mart Yayını,2023,Mar,17663.0,175.0,5.0,4366.0
"""Erdoğan'da Bile Görmedim!"" CHP'nin Grup Toplantısı'nda Daha Önce Görülmemiş Detay",2023,Mar,62231.0,837.0,200.0,384.0
Tuba Emlek ve Gökhan Kayış İle Sıcak Haber | Günün Son Dakika Gelişmeleri | 7 Mart Yayını,2023,Mar,24338.0,230.0,4.0,11936.0
"Hukukçu Gamze Pamuk Ateşli ""Asıl Mesele"" Diyerek Millet İttifakı Hakkında Açıklamalarda Bulundu",2023,Mar,1874.0,34.0,6.0,594.0
Deprem Bölgesi Gerçeklerini SÖZCÜ Televizyonu Muhabirleri Anlattı! Bunları İlk Defa Duyacaksınız,2023,Mar,2021.0,17.0,4.0,1013.0
EYT'liler SGK Merkezlerinde Kuyruk Oluşturdu! EYT Başvuru İşlemleri Ne Kadar Sürüyor?,2023,Mar,2042.0,21.0,28.0,352.0
Dünya Basını Kemal Kılıçdaroğlu'nun Adaylığını Böyle Gördü!,2023,Mar,8007.0,136.0,58.0,179.0
SÖZCÜ Gazetesi Genel Yayın Yönetmeni Metin Yılmaz Ertuğrul Akbay'ı Anlattı,2023,Mar,471.0,6.0,0.0,257.0
"Kemal Kılıçdaroğlu'ndan Gündem Olan Meral Akşener Açıklaması! ""Ülkücü Damarı Tuttu...""",2023,Mar,9869.0,145.0,65.0,812.0
Tuba Emlek İle Saat 13 | 7 Mart Yayını,2023,Mar,7232.0,119.0,6.0,5431.0
SÖZCÜ Gazetesi Başyazarı Rahmi Turan Ertuğrul Akbay'ı Anlattı,2023,Mar,517.0,20.0,0.0,385.0
Mustafa Sarıgül Arkadaşı Ertuğrul Akbay Hakkında Konuştu #shorts,2023,Mar,1771.0,28.0,3.0,24.0
Kemal Kılıçdaroğlu'ndan CHP Grup Toplantısında Çarpıcı Meral Akşener Sözleri!,2023,Mar,51691.0,1034.0,366.0,831.0
SÖZCÜ Televizyonu Genel Yayın Yönetmeni Korcan Karar Ertuğrul Akbay'ı Anlattı,2023,Mar,860.0,13.0,0.0,216.0
Efsane Gazeteci Ertuğrul Akbay'ı Saygı ve Özlemle Anıyoruz,2023,Mar,826.0,16.0,1.0,1795.0
Domates İhracatına Yasak! Türkiye Halciler Federasyonu Başkanı Üreticiye Etkisini Tek Tek Anlattı,2023,Mar,1280.0,33.0,6.0,790.0
Ertuğrul Akbay'ı Saygı ve Özlemle Anıyoruz,2023,Mar,1120.0,16.0,1.0,1660.0
Murat Muratoğlu ve Çağla Atlı ile Sabah Şerifleri 7 Mart Yayını,2023,Mar,29375.0,483.0,41.0,10761.0
Murat Muratoğlu 'Ben Olsam İstifa Ederdim' Diyerek Vatandaşın Et Kuyruğu Çilesine İsyan Etti!,2023,Mar,6105.0,206.0,22.0,246.0
Murat Muratoğlu'ndan Dikkat Çeken Kemal Kılıçdaroğlu Yorumu,2023,Mar,6396.0,100.0,33.0,361.0
Ertuğrul Akbay’ı Özlemle Anıyoruz,2023,Mar,494.0,30.0,5.0,147.0
Altılı Masa'nın Cumhurbaşkanı Adayı Kemal Kılıçdaroğlu! | Altılı Masa Özel Yayını,2023,Mar,132705.0,1413.0,184.0,9941.0
Yunus Günçe Türkiye'deki Adaletsizliğe ve Liyakatsizliğe İsyan Etti!,2023,Mar,33267.0,517.0,106.0,553.0
Özlem Ermiş Beyhan'dan Seçim Dönemi İçin Kritik 'Borsa' Uyarısı,2023,Mar,944.0,18.0,0.0,153.0
Süheyl Batum'dan Kemal Kılıçdaroğlu'nun Adaylığıyla İlgili Flaş Yorum,2023,Mar,18407.0,239.0,101.0,197.0
Temel Karamollaoğlu Kemal Kılıçdaroğlu'nun Adaylığını Bu Sözlerle Duyurdu!,2023,Mar,20693.0,178.0,167.0,304.0
Millet İttifakı'nın Adayı Kemal Kılıçdaroğlu CHP Genel Merkezi'nde Konuştu,2023,Mar,26291.0,456.0,209.0,496.0
İşte 12 Maddelik Mutabakat Metni! Tuba Emlek Tam Mutabakat Metnini Tek Tek Açıkladı,2023,Mar,5608.0,112.0,34.0,545.0
Meral Akşener Altılı Masa'ya Geri Döndü! Ekrem İmamoğlu ve Mansur Yavaş'a Flaş Teklif,2023,Mar,373448.0,2611.0,76.0,28141.0
Altılı Masa'nın Cumhurbaşkanı Adayı Kemal Kılıçdaroğlu Oldu! İşte İlk Sözleri,2023,Mar,18164.0,157.0,230.0,220.0
Prof. Dr. Ersan Şen Meral Akşener'le Yaptığı Görüşmeyi Canlı Yayında Anlattı,2023,Mar,35695.0,277.0,162.0,544.0
Altılı Masa'ya Geri Dönen Meral Akşener Saadet Partisi Binasına Böyle Giriş Yaptı! #shorts,2023,Mar,8567.0,120.0,42.0,60.0
Altılı Masa'ya Geri Dönen Meral Akşener Saadet Partisi Binasına Böyle Giriş Yaptı!,2023,Mar,15622.0,130.0,102.0,398.0
Meral Akşener Altılı Masa'ya Geri Döndü! Altılı Masa'da Son Dakika Gelişmesi,2023,Mar,5941.0,62.0,62.0,181.0
Meral Akşener - Ekrem İmamoğlu - Mansur Yavaş Görüşmesinden İlk Görüntüler!,2023,Mar,3771.0,26.0,9.0,108.0
Korcan Karar Türkiye'nin 1 Numaralı Gündem Maddesi Deprem Diyerek Tek Tek Açıkladı,2023,Mar,719.0,17.0,2.0,288.0
Süleyman Soylu - Muharrem İnce ve Ümit Özdağ'ın Meral Akşener Gündem Olan Sözleri! #shorts,2023,Mar,13703.0,184.0,16.0,48.0
24. Dönem CHP MV. Erdal Aksünger Sabah Şerifleri'nin Konuğu Oldu,2023,Mar,542.0,15.0,1.0,2549.0
Ekrem İmamoğlu ve Mansur Yavaş'tan Son Dakika Açıklaması!!!! #shorts,2023,Mar,16655.0,521.0,58.0,56.0
Meral Akşener'den Yeni Hamle! Kürşad Zorlu Ekrem İmamoğlu ve Mansur Yavaş'a Yapılan Teklifi Açıkladı,2023,Mar,9357.0,73.0,45.0,150.0
Ekrem İmamoğlu ve Mansur Yavaş Meral Akşener İle Görüştü! Dikkat Çeken Kemal Kılıçdaroğlu Sözleri,2023,Mar,63091.0,341.0,286.0,112.0
Bakanlık Yalanladı SÖZCÜ Televizyonu Görüntülere Ulaştı! İşte Hastanedeki İnanılmaz Görüntüler,2023,Mar,45984.0,293.0,53.0,1132.0
Gözler 5'li Masada! Saadet Partisi Binasında Sıcak Dakikalar,2023,Mar,928.0,14.0,3.0,190.0
Lale Özan Arslan İle Sıcak Haber | Gündem Meral Akşener ve Altılı Masa | 6 Mart Yayını,2023,Mar,21084.0,348.0,24.0,5746.0
Bursaspor - Amedspor Maçında Ortalık Karıştı! Erdal Aksünger'den Çarpıcı Amedspor Yorumu,2023,Mar,21415.0,110.0,116.0,256.0
Prof. Dr. Tanju Tosun'dan  Çarpıcı İYİ Parti Seçmeni Analizi! #shorts,2023,Mar,1615.0,24.0,0.0,60.0
Ali Türkşen Meral Akşener'in Hamlesindeki Detayı Açıkladı #shorts,2023,Mar,4274.0,62.0,3.0,60.0
Prof. Dr. Barış Doster'den Meral Akşener'e 'Milletin Adayı' Eleştirisi,2023,Mar,4372.0,86.0,18.0,510.0
Hatay Çok Zor Durumda! CHP Hatay Milletvekili Serkan Topal Hatay'ın Son Durumunu Anlattı,2023,Mar,754.0,18.0,2.0,996.0
Murat Muratoğlu ve Çağla Atlı ile Sabah Şerifleri | 6 Mart Yayını,2023,Mar,26846.0,508.0,36.0,10901.0
Prof. Dr. Tanju Tosun'dan Çarpıcı İYİ Parti Seçmeni Analizi! Dikkat Çeken Akşener Yorumu,2023,Mar,4221.0,84.0,35.0,679.0
Ersan Şen Aday Olacak mı? Çağla Atlı ve Muratoğlu'ndan Ersan Şen Yorumu,2023,Mar,4720.0,77.0,48.0,512.0
"Süleyman Soylu, Muharrem İnce ve Ümit Özdağ'ın Meral Akşener Sözleri Tekrar Gündem Oldu!",2023,Mar,6828.0,68.0,37.0,260.0
Murat Muratoğlu Altılı Masa Krizini 'Son Akşam Yemeği' Tablosundan Örneklerle Anlattı,2023,Mar,10965.0,170.0,35.0,483.0
Ümit Zileli'nin Moderatörlüğünde Kırmızı - Beyaz | Altılı Masa Tartışması ve Meral Akşener | 5 Mart,2023,Mar,56073.0,671.0,17.0,13047.0
"DEVA Partili Mustafa Yeneroğlu'ndan Meral Akşener'e: ""Siyasi Ahlaka Yakışmaz!""",2023,Mar,23213.0,276.0,186.0,627.0
Aytuğ Atıcı 'Kemal Kılıçdaroğlu'na Oy Verebilirler' Diyerek Seçimde 2. Turu İşaret Etti!,2023,Mar,11693.0,134.0,52.0,425.0
İYİ Partili İsmail Tatlıoğlu'ndan Meral Akşener ve Anket Açıklaması!,2023,Mar,18685.0,139.0,192.0,334.0
Ali Türkşen 'Bu Yüzden mi Yaptı Bilemiyorum' Diyerek Meral Akşener'in Hamlesindeki Detayı Açıkladı,2023,Mar,30181.0,463.0,157.0,307.0
"Ali Türkşen'den Çarpıcı İmamoğlu ve Mansur Yavaş Sözleri! ""Asla İnanmıyorum...""",2023,Mar,274496.0,3378.0,832.0,1038.0
İlke Tüzüner İle Neden Olmasın | 5 Mart Programı,2023,Mar,1153.0,34.0,3.0,1392.0
"Prof. Dr. Şükrü Ersoy'dan İstanbul Depremi ve Tsunami Açıklaması! '300, 400 katı...'",2023,Mar,9428.0,54.0,4.0,299.0
Ümit Zileli ile Hafta Sonu Ana Haber | 5 Mart Yayını,2023,Mar,20076.0,306.0,18.0,2836.0
Astrolog Zuhal Taşçı Seçim İçin O Tarihe Dikkat Çekti!,2023,Mar,126281.0,1072.0,222.0,265.0
Ruhat Mengi İle Her Açıdan | 5 Mart Yayını,2023,Mar,20611.0,213.0,19.0,7616.0
"6 Şubat Depremlerini Bilen Astrolog Zuhal Taşçı'dan Dikkat Çeken ""Marmara Depremi"" Açıklaması",2023,Mar,147674.0,1305.0,419.0,2113.0
Hazer Ameni Sabah Kahvesi'nin Konuğu Oldu,2023,Mar,1238.0,18.0,7.0,927.0
'Meral Akşener'in Açıklaması Erdoğan'a mı Yaradı?' Sorusuna Muharrem İnce'den Flaş Cevap!,2023,Mar,41557.0,362.0,334.0,338.0
Muharrem İnce Resmen Açıkladı! İşte Ümit Özdağ İle İttifak Yapmama Sebebi,2023,Mar,223520.0,2033.0,827.0,147.0
Muharrem İnce SÖZCÜ Televizyonu Canlı Yayınında Ruhat Mengi'nin Sorularını Yanıtladı | 5 Mart Yayını,2023,Mar,144907.0,1974.0,1497.0,2961.0
Muharrem İnce'den Altılı Masa'ya Gündem Olacak Sorular! Çarpıcı 'Tarikat' Detayı,2023,Mar,3632.0,68.0,47.0,174.0
Muharrem İnce'den Altılı Masa'ya 'Altın Günü' Benzetmesi,2023,Mar,5029.0,69.0,39.0,183.0
Gökhan Kayış ve Ceylin Çağatay ile Sabah Kahvesi | 5 Mart Yayını,2023,Mar,31809.0,372.0,10.0,14266.0
Meral Akşener Ersan Şen'i Aradı! İYİ Partili Vekilden Son Dakika Ersan Şen Açıklaması,2023,Mar,62533.0,496.0,612.0,331.0
Mezar Olan İsias Otel'in Enkazından Kurtulan Depremzedenin Anlattıkları Yürekleri Dağladı!,2023,Mar,7115.0,76.0,4.0,414.0
Nasuh Mahruki 'İstanbul' Seçimlerini Örnek Göstererek Muhalefete Seslendi!,2023,Mar,3461.0,117.0,26.0,414.0
Bu Acıya Yürek Dayanmaz! Bir Nesle Mezar Olan Otel: Adıyaman İsias Otel,2023,Mar,42180.0,94.0,11.0,379.0
Tuba Emlek'in Moderatörlüğünde Kırmızı - Beyaz'da Altılı Masa Krizi ve Meral Akşener Konuşuldu,2023,Mar,91315.0,1227.0,107.0,11790.0
Gürsel Tekin 'Kişisel Düşüncem' Dedi ve Meral Akşener'le İlgili Flaş Bir Açıklama Yaptı,2023,Mar,168659.0,977.0,344.0,105.0
"Ataol Behramoğlu'ndan Meral Akşener'e: ""Meral Akşener'in Tutumu Cumhur İttifakı'nın İşine Yaradı""",2023,Mar,9473.0,104.0,72.0,450.0
Korcan Karar'dan Aytun Çıray'a Kritik 4 Soru! Meral Akşener'e Verilen Çarpıcı Cevabı Açıkladı!,2023,Mar,32411.0,250.0,156.0,268.0
"Tanju Özcan Ekrem İmamoğlu ve Mansur Yavaş ""Masum Değil"" Diyerek Sebebini Açıkladı!",2023,Mar,87933.0,1006.0,359.0,239.0
"Tanju Özcan'dan Dikkat Çeken Akşener ve Kılıçdaroğlu Açıklaması! ""Açık Konuşuyorum...""",2023,Mar,59117.0,629.0,230.0,257.0
Aytun Çıray ve Gürsel Tekin Arasında Canlı Yayında 'Altılı Masa' Anlaşmazlığı!,2023,Mar,74023.0,466.0,437.0,416.0
İYİ Partili Aytun Çıray Altılı Masa'daki Adaylık Konuşmasını Anlattı,2023,Mar,29894.0,238.0,254.0,498.0
Ataol Behramoğlu Sözcü Televizyonu Canlı Yayınında 2017'de Yazdığı Şiirini Okudu,2023,Mar,16366.0,106.0,17.0,393.0
Ümit Zileli ile Hafta Sonu Ana Haber Başladı! | 4 Mart Yayını,2023,Mar,32977.0,523.0,37.0,3586.0
Meral Akşener'in Açıklamasının Ardından Siyaset Gündemi Sözcü Televizyonu'nda Konuşuldu | 4 Mart,2023,Mar,82059.0,1059.0,23.0,12356.0
Size Ümit Bağlamıştık Diyen Vatandaş Meral Akşener'e İsyan Etti!,2023,Mar,7539.0,112.0,87.0,338.0
Kürşad Zorlu Resmen Açıkladı! Son Dakika Ekrem İmamoğlu ve Mansur Yavaş Açıklaması,2023,Mar,11259.0,99.0,65.0,252.0
Ersan Şen'den Akşener ve Kılıçdaroğlu'na '14 Mayıs' Uyarısı,2023,Mar,57783.0,531.0,261.0,483.0
Altılı Masa Krizi Türkiye Sınırlarını Aştı! Dünya Akşener'in Açıklamasını Böyle Gördü,2023,Mar,4167.0,60.0,16.0,194.0
CHP'li Başkanların Fotoğrafını Tuba Emlek ve Korcan Karar Analiz Etti! Yavaş ve İmamoğlu Detayı...,2023,Mar,7199.0,65.0,28.0,178.0
Ersan Şen Meral Akşener Bu Hataları Yaptı Diyerek Tek Tek Açıkladı!,2023,Mar,133139.0,1270.0,405.0,391.0
Meral Akşener'in Açıklamasını Sokağa Sorduk! İşte Halkın Cevabı,2023,Mar,19363.0,181.0,114.0,414.0
İYİ Partili Cihan Paçacı'dan Kılıçdaroğlu ve Altılı Masa Açıklaması!,2023,Mar,2720.0,30.0,25.0,189.0
Lale Özan Arslan İle Saat 12 | 4 Mart Yayını,2023,Mar,64220.0,1120.0,18.0,12611.0
İYİ Partili Ahmet Eşref Fakıbaba'dan 'Aday' Açıklaması,2023,Mar,20636.0,253.0,230.0,697.0
Kemal Kılıçdaroğlu'ndan Belediye Başkanlarıyla Gövde Gösterisi Gibi Paylaşım!,2023,Mar,66514.0,708.0,438.0,188.0
İşte Arama Kurtarma Çalışmalarının 'Sessiz' Kahramanları!,2023,Mar,430.0,9.0,2.0,644.0
Gökhan Kayış ve Ceylin Çağatay ile Sabah Kahvesi! | 4 Mart Yayını,2023,Mar,58356.0,758.0,7.0,13646.0
Yılmaz Özdil'den Gürsel Tekin'e Seçim Anketi Sorusu! Ekrem İmamoğlu ve Mansur Yavaş Detayı,2023,Mar,165383.0,1555.0,690.0,268.0
İstanbul Depremi Riski! Erhan Demirdizen Yapılan Hataları Örneklerle Açıkladı,2023,Mar,992.0,46.0,5.0,550.0
Yavuz Ağıralioğlu Milletin Sesini Duyun Diyerek Kazanacak Adayları İşaret Etti!,2023,Mar,33304.0,438.0,529.0,188.0
Çok Acı! Türk Halkının Zor Durumu Sabah Kahvesi'nde Market Alışverişiyle Anlatıldı,2023,Mar,1081.0,24.0,5.0,188.0
İYİ Partili Turhan Çömez Ortaklığın Bozulma Nedenini Canlı Yayında Açıkladı!,2023,Mar,24084.0,222.0,203.0,140.0
SGK Uzmanı Özgür Kaya Emeklilik Süreci Hakkında Merak Edilenleri Açıkladı,2023,Mar,4402.0,17.0,3.0,779.0
Gökhan Kayış Başkanlık Sistemine İsyan Etti: Orta Doğu Ülkesi Olacağız Diye mi Kurduk Cumhuriyeti!,2023,Mar,1648.0,89.0,11.0,113.0
Kırmızı - Beyaz'da Meral Akşener'in Tarihi Konuşması ve Altılı Masa'nın Geleceği Konuşuldu,2023,Mar,75746.0,1353.0,54.0,9585.0
İYİ Partili Turhan Çömez Kamuoyu Bunları İlk Kez Duyacak Diyerek Canlı Yayında Açıkladı,2023,Mar,282944.0,2749.0,2273.0,463.0
Yunus Günçe'den Güldüren 'Pahalılık' Tepkisi: Maydanozun Fiyatı Sorulur mu Ya!,2023,Mar,23236.0,414.0,60.0,101.0
Ersan Şen Meral Akşener'in Tarihi Konuşmasını Yorumladı ve O Detaylara Dikkat Çekti,2023,Mar,706636.0,5264.0,1924.0,689.0
Ümit Zileli Meral Akşener'in Konuşmasındaki O Detayı Canlı Yayında Açıkladı,2023,Mar,5044.0,58.0,21.0,122.0
Ümit Zileli'den Meral Akşener'in Hamlesi ve Seçimin 2. Tura Kalma Olasılığı Yorumu,2023,Mar,4234.0,65.0,17.0,161.0
Murat Gezici'den Meral Akşener'in Tarihi Konuşmasıyla İlgili Flaş Yorum,2023,Mar,4962.0,76.0,17.0,236.0
Türkiye'nin Yakın Dönem Siyasi Tarihini Bir de Yılmaz Özdil'den Dinleyin!,2023,Mar,865145.0,12769.0,3126.0,503.0
Meral Akşener'in Tarihi Konuşması Sözcü Televizyonu Canlı Yayınında Tartışıldı | 3 Mart Ana Haber,2023,Mar,155919.0,3192.0,620.0,4681.0
Yılmaz Özdil'den Altılı Masa'ya: AKP'nin Bakanlarıyla AKP'yi Yeneceklerini Sanıyorlar,2023,Mar,37505.0,647.0,193.0,225.0
"İYİ Partili İsmin Söyledikleri Gündem Olur! ""Masadan Kalkmadık, Kapı Gösterildi""",2023,Mar,11239.0,131.0,81.0,217.0
SON DAKİKA! Meral Akşener'den Ekrem İmamoğlu ve Mansur Yavaş'a Adaylık Çağrısı,2023,Mar,143030.0,1424.0,100.0,10491.0
Kemal Kılıçdaroğlu'ndan Meral Akşener'e Videolu Cevap! Flaş Erdoğan Göndermesi,2023,Mar,64020.0,924.0,1000.0,156.0
Altılı Masa Dağıldı! İlhan Cihaner'den Çarpıcı Meral Akşener Yorumu!,2023,Mar,36818.0,387.0,209.0,433.0
Tuba Emlek Son Dakika Diyerek Belediye Başkanlarıyla İlgili Kulis Bilgisini Paylaştı!,2023,Mar,4082.0,57.0,33.0,144.0
Tuba Emlek Çok Büyük Kırılma Dedi Saadet Partili İsimden Çarpıcı Altılı Masa Yanıtı Geldi!,2023,Mar,24780.0,217.0,142.0,188.0
Tuba Emlek Meral Akşener'in Çağrısındaki Mansur Yavaş Detayını Canlı Yayında Anlattı!,2023,Mar,12255.0,114.0,59.0,445.0
Meral Akşener'in Tarihi Açıklamasına Kemal Kılıçdaroğlu'ndan İlk Cevap Geldi!,2023,Mar,69678.0,382.0,414.0,122.0
SON DAKİKA Meral Akşener'den Ekrem İmamoğlu ve Mansur Yavaş'a Tarihi Çağrı!,2023,Mar,9025.0,82.0,90.0,838.0
İYİ Parti lideri Meral Akşener'den Son Dakika Altılı Masa Açıklaması,2023,Mar,322258.0,3475.0,3900.0,700.0
Özlem Ermiş Beyhan İle Ekonomi Konuşuyoruz | 3 Mart Yayını,2023,Mar,3142.0,38.0,0.0,1436.0
EYT'liler Ne Kadar Emekli Maaşı Alacak? SGK Uzmanı Özgür Kaya Merak Edilenleri Açıkladı,2023,Mar,55734.0,79.0,35.0,64.0
Çalışan EYT'liler Ne Yapacak? SGK Uzmanı Özgür Kaya Yapılması Gerekenleri Anlattı,2023,Mar,1717.0,22.0,3.0,222.0
Tuba Emlek İle Saat 13 | 3 Mart Yayını,2023,Mar,13573.0,333.0,2.0,3806.0
EYT'liler Dikkat! SGK Uzmanı Özgür Kaya Tek Tek Anlattı! 1 Nisan'da Maaş Almak İçin...,2023,Mar,10160.0,43.0,18.0,228.0
Deprem Bölgesi Gerçekleri! Kanser Hastası Yaşlı Depremzede Çift Çadır Bulamıyor,2023,Mar,358.0,10.0,0.0,77.0
Yaşar Özer İle Memleket Meselesi | 3 Mart Yayını,2023,Mar,3723.0,56.0,1.0,1666.0
İşte AKP Türkiye'sinin Ekonomisi! Murat Muratoğlu 'Yumurta' Örneğiyle Bir Bir Anlattı,2023,Mar,5873.0,134.0,30.0,575.0
İşte 12 Koltuklu Başkan! Kerem Kınık'ın Neden İstifa Etmediği Ortaya Çıktı,2023,Mar,6395.0,286.0,88.0,463.0
Murat Muratoğlu ve Çağla Atlı ile Sabah Şerifleri | 3 Mart Yayını,2023,Mar,50954.0,1227.0,58.0,10801.0
Seçim Tarihiyle İlgili Flaş Gelişme! Erdoğan Bu Tarihte Seçim Kararını Açıklayacak İddiası,2023,Mar,4781.0,83.0,15.0,517.0
Murat Muratoğlu Ekrem İmamoğlu ve Mansur Yavaş'ın Adaylığıyla İlgili O Detayı Açıkladı,2023,Mar,40887.0,650.0,241.0,437.0
Altılı Masa Fotoğrafında Dikkat Çeken Meral Akşener Detayı!,2023,Mar,21756.0,368.0,126.0,382.0
Azerbaycanlı Gazeteci Canlı Yayında Deprem Anında Yaşadıklarını Anlattı,2023,Mar,594.0,16.0,0.0,342.0
Korcan Karar'ın Moderatörlüğünde Kırmızı - Beyaz | 2 Mart Yayını,2023,Mar,32341.0,727.0,13.0,11666.0
Yılmaz Özdil Somut Bir Gerçek Diyerek Açıkladı! İşte Meral Akşener'in Altılı Masaya Sunduğu İki Aday,2023,Mar,226181.0,4391.0,757.0,480.0
Süheyl Batum'dan Çarpıcı Seçim Tarihi Açıklaması! Erdoğan Bunu Biliyor Dedi ve Tek Tek Anlattı,2023,Mar,157179.0,1810.0,369.0,1041.0
Dostluk Güzel Ama... Yunanistan'ın Namluları Türkiye'ye Çevrili!,2023,Mar,617.0,16.0,10.0,1181.0
"Ümit Kocasakal'dan Çarpıcı İktidar ve Muhalefet Yorumu! ""Bugün Yer Değiştirseler...""",2023,Mar,18860.0,457.0,83.0,897.0
Korcan Karar Canlı Yayına Dedektör Getirerek 'Deprem' Fırsatçılarına Tepki Gösterdi!,2023,Mar,10543.0,31.0,6.0,203.0
Nasuh Mahruki Özel Röportajı | TSK Sahaya Ne Zaman İnmeliydi? Akut'tan Neden Ayrıldı?,2023,Mar,10202.0,449.0,61.0,2453.0
Yılmaz Özdil: Devletin Üstüne Liyakatsizlik Düştü! | Yılmaz Özdil'den Günün Yorumu,2023,Mar,21965.0,987.0,115.0,366.0
Yılmaz Özdil Tarikatların Karanlık Yüzünü Bu Sözlerle Anlattı!,2023,Mar,14390.0,391.0,39.0,157.0
"Yılmaz Özdil Acı Gerçekleri Sıraladı! ""Ay'a Gideceğiz Zannedenler Bir Haftada Hatay'a Gidemediler""",2023,Mar,72683.0,923.0,121.0,157.0
"Yılmaz Özdil, Erdoğan'ın Seçim Planını Bu Sözlerle Açıkladı! ""Eğer Ben Erdoğan'ı Tanıyorsam...""",2023,Mar,403211.0,3459.0,609.0,228.0
Korcan Karar İle Ana Haber | 2 Mart Yayını,2023,Mar,22672.0,716.0,33.0,3720.0
Umut Yertutan İle Ankara Bülteni | 2 Mart Yayını,2023,Mar,801.0,23.0,4.0,1741.0
Prof. Dr. Haluk Özener'den Beklenen İstanbul Depremi Hakkında Açıklama!,2023,Mar,2024.0,66.0,3.0,236.0
Annem Yatalak Diyerek Ağlayan Depremzede AFAD'a İsyan Etti!,2023,Mar,1791.0,53.0,8.0,102.0
Ali Ekber Yıldırım ve Merve Ekinci İle Söz Tarımda | 2 Mart Yayını,2023,Mar,13635.0,179.0,15.0,1842.0
Özlem Ermiş Beyhan İle Ekonomi Konuşuyoruz | 2 Mart Yayını,2023,Mar,3198.0,68.0,2.0,1660.0
Kızılay Parayla Çadır Satarken Depremzede Aileler Tek Çadırda Yaşamak Zorunda!,2023,Mar,662.0,23.0,3.0,523.0
Tuba Emlek İle Saat 13 | 2 Mart Yayını,2023,Mar,15054.0,487.0,21.0,4016.0
Hatay'da Mezarlar Ortadan Kayboldu! İşte Felaketin Boyutu,2023,Mar,3338.0,46.0,4.0,246.0
Yılmaz Özdil Canlı Yayına Getirdiği Moloz Parçası İle Çürümüşlüğü Anlattı,2023,Mar,22177.0,109.0,8.0,100.0
Yaşar Özer İle Memleket Meselesi | 2 Mart Yayını,2023,Mar,4908.0,44.0,2.0,1696.0
Murat Muratoğlu'ndan EYT Rehberi | İşte Tüm Merak Edilenler,2023,Mar,9361.0,138.0,266.0,1099.0
Murat Muratoğlu ve Çağla Atlı ile Sabah Şerifleri | 2 Mart Yayını,2023,Mar,46869.0,1633.0,118.0,10856.0
Depremzedeler Yardım Beklerken... Devlet Bahçeli Depremzedeleri Azarladı!,2023,Mar,2816.0,136.0,47.0,245.0
Yılmaz Özdil Müteahhit Siyasetçi Gazeteci Üçlüsünün Eseridir Diyerek Tek Tek Anlattı #shorts,2023,Mar,5486.0,408.0,17.0,60.0
Erdoğan'ın Helallik İstediği Vatandaşlar Hala Kayıp Sevdiklerini Arıyor! #shorts,2023,Mar,2219.0,107.0,4.0,57.0
Yardım Kampanyalarına Para Yağarken Depremzedeler Suya Muhtaç Kaldı!,2023,Mar,552.0,21.0,8.0,224.0
Erdoğan'ın Helallik İstediği Vatandaşlar Hala Kayıp Sevdiklerini Arıyor!,2023,Mar,1077.0,83.0,5.0,504.0
Korcan Karar'ın Moderatörlüğünde Kırmızı - Beyaz | 1 Mart Yayını,2023,Mar,27179.0,992.0,40.0,12277.0
Yılmaz Özdil İzleyicilerimiz Bunu İlk Kez Öğrenecek Diyerek Canlı Yayında Açıkladı,2023,Mar,96863.0,3195.0,265.0,404.0
Hasarlı Binada Piyano Çalmıştı! Öğretmen Ozan Can Alkaya Gündem Olan Anları Anlattı,2023,Mar,1191.0,70.0,8.0,625.0
Arda Ayten Deprem Anında Yaşadığı Korku Dolu Anları Sözcü Televizyonu'na Anlattı,2023,Mar,3006.0,74.0,6.0,524.0
GATA'da Eğitim Alan Malezyalı Asker Türkiye'nin Yardımına Koştu!,2023,Mar,15903.0,119.0,14.0,177.0
"Depremzedelerin Kahreden Göç Hikayeleri! ""3 Gün Karın Üstünde Kaldık""",2023,Mar,8193.0,31.0,3.0,331.0
Malatya'ya İnemeyen Yardım Uçağı Merak Konusu Oldu!,2023,Mar,20657.0,250.0,34.0,147.0
Deprem Aslında Gaziantep'te Oldu İddiası! AFAD ve Kandilli Detayı Gündem Oldu,2023,Mar,114528.0,269.0,193.0,369.0
"Korcan Karar, Ana Haber'i İzmir Marşı'nı Çalarak Bitirdi",2023,Mar,7257.0,333.0,55.0,95.0
Yılmaz Özdil Sözcü Televizyonu'nu Anlattı: Biz Kahraman Türk Halkının 'Sözcü'süyüz!,2023,Mar,35444.0,613.0,82.0,319.0
Yılmaz Özdil Türkiye'deki Çürümüşlüğü Bu Sözlerle Anlattı! | Yılmaz Özdil'den Günün Yorumu,2023,Mar,239394.0,16667.0,631.0,288.0
Yılmaz Özdil Yunanistan'a Çağrıda Bulundu: Bakanlarınızı Türkiye'ye Staja Yollayın!,2023,Mar,78559.0,2357.0,376.0,281.0
Korcan Karar İle Ana Haber | 1 Mart Yayını,2023,Mar,21981.0,1136.0,69.0,4046.0
Umut Yertutan İle Ankara Bülteni | 1 Mart Yayını,2023,Mar,867.0,22.0,3.0,1406.0
Bu da Pakistan'ın 'Satılık' Olmayan Çadırı! Murat Muratoğlu'ndan Kızılay'a Sert Sözler,2023,Mar,11174.0,233.0,37.0,248.0
Antakya Çökmüş Durumda! Muhtar Boğazı Düğümlenerek Depremin İlk Günlerini Anlattı!,2023,Mar,1570.0,37.0,1.0,500.0
Söz Tarımda | Ali Ekber Yıldırım & Merve Ekinci | 1 Mart Yayını,2023,Mar,2095.0,67.0,12.0,1706.0
Galatasaraylı Cihan Emir Parlak Hayata Tutunamadı! Kerem Aktürkoğlu ve Muslera Detayı Duygulandırdı,2023,Mar,10636.0,33.0,11.0,210.0
Özlem Ermiş Beyhan İle Ekonomi Konuşuyoruz | Konuk: Ufuk Söylemez | 1 Mart,2023,Mar,1442.0,31.0,2.0,1790.0
Depremzedelerden Helallik İsteyen Erdoğan'a Halkın Verdiği Cevabı Muhabirimiz Anlattı!,2023,Mar,10027.0,261.0,41.0,359.0
Türkiye Depremin Kayıp Çocuklarını Arıyor! Bakan Derya Yanık Bu Sözlerle Açıkladı,2023,Mar,713.0,19.0,9.0,335.0
EYT Yasası Meclis'ten Geçti! EYT'de Son Durumu Gönül Boran Tek Tek Anlattı!,2023,Mar,114861.0,1035.0,633.0,585.0
Erdoğan'dan Son Dakika Seçim Tarihi Açıklaması!,2023,Mar,4392.0,78.0,26.0,153.0
Yaşar Özer İle Memleket Meselesi | 1 Mart,2023,Mar,1980.0,45.0,8.0,2047.0
Tuba Emlek İle Saat 13 | 1 Mart,2023,Mar,19287.0,736.0,55.0,3699.0
"Fenerbahçe Taraftarına ""Hükümet İstifa"" Yasağı! Murat Muratoğlu'ndan İktidara Flaş Sözler",2023,Mar,27041.0,554.0,91.0,575.0
Murat Muratoğlu'ndan 6'lı Masanın Adayıyla İlgili Dikkat Çeken Yorum,2023,Mar,34211.0,936.0,176.0,671.0
AHBAP'a Çadır Satan Kızılay'a Tepkiler Bitmiyor! Kemal Kılıçdaroğlu'dan Çok Sert Sözler,2023,Mar,2409.0,86.0,12.0,172.0
Murat Muratoğlu ve Çağla Atlı ile Sabah Şerifleri Başladı! | 1 Mart Yayını,2023,Mar,119803.0,4048.0,142.0,10785.0
Erdoğan Depremzedelerden Helallik İstedi Meclis'te Ortalık Karıştı!,2023,Mar,9037.0,87.0,25.0,172.0
EYT'nin Diğer Yüzünü Bir de Murat Muratoğlu'dan Dinleyin! Hayırlı Olsun Dedi Ama...,2023,Mar,129687.0,985.0,965.0,546.0
Yeni Bir Nefes Yeni Bir Heyecan İle Başlıyoruz! SÖZCÜ Televizyonu'ndan Merhaba!,2023,Mar,9866.0,385.0,59.0,135.0
Korcan Karar ve Yılmaz Özdil Hafta İçi Her Akşam SÖZCÜ Televizyonu'nda,2023,Feb,48141.0,353.0,49.0,96.0
"Yılmaz Özdil, SÖZCÜ Televizyonu'nda",2023,Feb,135286.0,1144.0,173.0,101.0
SÖZCÜ Televizyonu 1 Mart'ta Yayın Hayatına Başlıyor,2023,Feb,68621.0,151.0,27.0,138.0
SÖZCÜ TV Canlı Yayını ᴴᴰ,2023,Feb,2068985.0,14684.0,0.0,0.0
"Ruhat Mengi, SÖZCÜ Televizyonu'nda | HER AÇIDAN TANITIM",2023,Feb,36588.0,162.0,26.0,104.0
"Gökhan Kayış ve Ceylin Çağatay, SÖZCÜ Televizyonu'nda | SABAH KAHVESİ TANITIM",2023,Feb,26176.0,120.0,11.0,106.0
"Burak Ersemiz, SÖZCÜ Televizyonu'nda | 7/24 TANITIM",2023,Feb,9056.0,57.0,8.0,97.0
"Çağla Atlı ve Murat Muratoğlu, SÖZCÜ Televizyonu'nda | SABAH ŞERİFLERİ TANITIM",2023,Feb,101356.0,266.0,39.0,105.0
"Tuba Emlek, SÖZCÜ Televizyonu'nda | SAAT 13 TANITIM",2023,Feb,30896.0,93.0,8.0,103.0
"Ümit Zileli, SÖZCÜ Televizyonu'nda | HAFTA SONU ANA HABER TANITIM",2023,Feb,8196.0,70.0,15.0,103.0
"Umut Yertutan, SÖZCÜ Televizyonu'nda | ANKARA BÜLTENİ TANITIM",2023,Feb,6143.0,54.0,6.0,97.0
